呼吸内科,内科
小儿内科,儿科
呼吸内科,内科
呼吸内科,内科
小儿内科,儿科
呼吸内科,内科
呼吸内科,内科
其他综合,其他科室
呼吸内科,内科
呼吸内科,内科
呼吸内科,内科
呼吸内科,内科
呼吸内科,内科
呼吸内科,内科
呼吸内科,内科
呼吸内科,内科
呼吸内科,内科
呼吸内科,内科
呼吸内科,内科
呼吸内科,内科
呼吸内科,内科
呼吸内科,内科
呼吸内科,内科
呼吸内科,内科
呼吸内科,内科
肿瘤内科,肿瘤科
心胸外科,外科
呼吸内科,内科
肿瘤内科,肿瘤科
呼吸内科,内科
呼吸内科,内科
呼吸内科,内科
呼吸内科,内科
呼吸内科,内科
呼吸内科,内科
呼吸内科,内科
感染科,外科
呼吸内科,内科
呼吸内科,内科
呼吸内科,内科
呼吸内科,内科
呼吸内科,内科
呼吸内科,内科
呼吸内科,内科
呼吸内科,内科
呼吸内科,内科
呼吸内科,内科
呼吸内科,内科
儿科综合,儿科
呼吸内科,内科
呼吸内科,内科
肿瘤内科,肿瘤科
心胸外科,外科
心胸外科,外科
呼吸内科,内科
呼吸内科,内科
呼吸内科,内科
呼吸内科,内科
呼吸内科,内科
呼吸内科,内科
呼吸内科,内科
呼吸内科,内科
儿科综合,儿科
小儿内科,儿科
心胸外科,外科
小儿内科,儿科
小儿内科,儿科
小儿内科,儿科
小儿内科,儿科
呼吸内科,内科
小儿内科,儿科
小儿内科,儿科
小儿内科,儿科
小儿内科,儿科
呼吸内科,内科
小儿内科,儿科
小儿内科,儿科
儿科综合,儿科
心胸外科,外科
呼吸内科,内科
呼吸内科,内科
呼吸内科,内科
呼吸内科,内科
呼吸内科,内科
儿科综合,儿科
呼吸内科,内科
产科,妇产科
呼吸内科,内科
呼吸内科,内科
呼吸内科,内科
呼吸内科,内科
普外科,外科
心内科,内科
心内科,内科
小儿内科,儿科
心胸外科,外科
心内科,内科
心胸外科,外科
心胸外科,外科
普外科,外科
心内科,内科
心内科,内科
心内科,内科
肿瘤外科,肿瘤科
心内科,内科
心胸外科,外科
心内科,内科
心内科,内科
神经内科,内科
心胸外科,外科
心胸外科,外科
心胸外科,外科
心胸外科,外科
心胸外科,外科
风湿免疫科,内科
心内科,内科
心内科,内科
心内科,内科
心胸外科,外科
心内科,内科
心内科,内科
心胸外科,外科
心胸外科,外科
心内科,内科
心内科,内科
心胸外科,外科
普外科,外科
眼科,五官科
心胸外科,外科
心内科,内科
心内科,内科
心内科,内科
心内科,内科
心内科,内科
内分泌科,内科
心内科,内科
心内科,内科
风湿免疫科,内科
心内科,内科
心内科,内科
普外科,外科
心内科,内科
心胸外科,外科
心内科,内科
心胸外科,外科
心胸外科,外科
肿瘤外科,肿瘤科
心胸外科,外科
心胸外科,外科
小儿内科,儿科
小儿外科,儿科
普外科,外科
普外科,外科
肿瘤外科,肿瘤科
心胸外科,外科
神经内科,内科
儿科综合,儿科
心内科,内科
心胸外科,外科
心内科,内科
心内科,内科
心内科,内科
心胸外科,外科
小儿内科,儿科
小儿内科,儿科
心胸外科,外科
心胸外科,外科
儿科综合,儿科
心胸外科,外科
心胸外科,外科
心胸外科,外科
普外科,外科
心胸外科,外科
心内科,内科
心内科,内科
心内科,内科
心内科,内科
心内科,内科
心内科,内科
心胸外科,外科
肿瘤外科,肿瘤科
耳鼻喉科,五官科
心胸外科,外科
心内科,内科
肿瘤内科,肿瘤科
心胸外科,外科
妇科,妇产科
普外科,外科
心内科,内科
耳鼻喉科,五官科
心胸外科,外科
心胸外科,外科
心胸外科,外科
心胸外科,外科
心胸外科,外科
心胸外科,外科
心胸外科,外科
心内科,内科
心内科,内科
肿瘤外科,肿瘤科
心内科,内科
心内科,内科
心内科,内科
康复科,其他科室
消化内科,内科
消化内科,内科
消化内科,内科
消化内科,内科
消化内科,内科
消化内科,内科
肛肠科,外科
消化内科,内科
消化内科,内科
消化内科,内科
消化内科,内科
消化内科,内科
皮肤科,皮肤性病科
消化内科,内科
普外科,外科
消化内科,内科
消化内科,内科
消化内科,内科
普外科,外科
普外科,外科
普外科,外科
肿瘤外科,肿瘤科
消化内科,内科
消化内科,内科
普外科,外科
消化内科,内科
消化内科,内科
消化内科,内科
消化内科,内科
普外科,外科
普外科,外科
消化内科,内科
消化内科,内科
肝胆外科,外科
消化内科,内科
消化内科,内科
消化内科,内科
消化内科,内科
肝胆外科,外科
消化内科,内科
消化内科,内科
消化内科,内科
消化内科,内科
肛肠科,外科
消化内科,内科
消化内科,内科
肿瘤内科,肿瘤科
消化内科,内科
肿瘤内科,肿瘤科
肿瘤外科,肿瘤科
风湿免疫科,内科
消化内科,内科
消化内科,内科
消化内科,内科
消化内科,内科
消化内科,内科
肛肠科,外科
消化内科,内科
消化内科,内科
消化内科,内科
消化内科,内科
消化内科,内科
消化内科,内科
普外科,外科
肿瘤内科,肿瘤科
普外科,外科
神经内科,内科
神经内科,内科
普外科,外科
普外科,外科
风湿免疫科,内科
消化内科,内科
消化内科,内科
消化内科,内科
消化内科,内科
消化内科,内科
消化内科,内科
消化内科,内科
肛肠科,外科
消化内科,内科
消化内科,内科
消化内科,内科
神经内科,内科
消化内科,内科
普外科,外科
神经内科,内科
消化内科,内科
肿瘤内科,肿瘤科
肝胆外科,外科
消化内科,内科
肝胆外科,外科
消化内科,内科
心胸外科,外科
心胸外科,外科
肛肠科,外科
心胸外科,外科
皮肤科,皮肤性病科
普外科,外科
普外科,外科
消化内科,内科
消化内科,内科
消化内科,内科
消化内科,内科
消化内科,内科
肛肠科,外科
肛肠科,外科
普外科,外科
消化内科,内科
消化内科,内科
肝胆外科,外科
普外科,外科
普外科,外科
肛肠科,外科
消化内科,内科
普外科,外科
肛肠科,外科
肿瘤内科,肿瘤科
消化内科,内科
消化内科,内科
消化内科,内科
普外科,外科
消化内科,内科
普外科,外科
消化内科,内科
消化内科,内科
消化内科,内科
普外科,外科
消化内科,内科
消化内科,内科
消化内科,内科
消化内科,内科
消化内科,内科
消化内科,内科
消化内科,内科
消化内科,内科
消化内科,内科
消化内科,内科
消化内科,内科
消化内科,内科
消化内科,内科
消化内科,内科
消化内科,内科
消化内科,内科
消化内科,内科
消化内科,内科
消化内科,内科
消化内科,内科
消化内科,内科
普外科,外科
消化内科,内科
消化内科,内科
消化内科,内科
消化内科,内科
消化内科,内科
消化内科,内科
消化内科,内科
消化内科,内科
消化内科,内科
消化内科,内科
消化内科,内科
小儿内科,儿科
消化内科,内科
消化内科,内科
消化内科,内科
普外科,外科
消化内科,内科
普外科,外科
消化内科,内科
普外科,外科
消化内科,内科
肿瘤内科,肿瘤科
普外科,外科
消化内科,内科
消化内科,内科
小儿外科,儿科
肿瘤内科,肿瘤科
消化内科,内科
消化内科,内科
消化内科,内科
心胸外科,外科
普外科,外科
普外科,外科
消化内科,内科
肿瘤内科,肿瘤科
消化内科,内科
消化内科,内科
消化内科,内科
心胸外科,外科
心胸外科,外科
心胸外科,外科
肿瘤外科,肿瘤科
心胸外科,外科
消化内科,内科
消化内科,内科
心胸外科,外科
消化内科,内科
消化内科,内科
消化内科,内科
普外科,外科
消化内科,内科
普外科,外科
内分泌科,内科
消化内科,内科
小儿内科,儿科
肿瘤内科,肿瘤科
消化内科,内科
普外科,外科
消化内科,内科
消化内科,内科
普外科,外科
普外科,外科
消化内科,内科
消化内科,内科
普外科,外科
消化内科,内科
消化内科,内科
消化内科,内科
消化内科,内科
消化内科,内科
消化内科,内科
消化内科,内科
消化内科,内科
消化内科,内科
血液科,内科
普外科,外科
消化内科,内科
肿瘤外科,肿瘤科
肿瘤内科,肿瘤科
普外科,外科
普外科,外科
普外科,外科
消化内科,内科
普外科,外科
肿瘤内科,肿瘤科
普外科,外科
小儿内科,儿科
普外科,外科
普外科,外科
消化内科,内科
小儿外科,儿科
普外科,外科
普外科,外科
小儿内科,儿科
普外科,外科
小儿内科,儿科
普外科,外科
小儿内科,儿科
小儿内科,儿科
普外科,外科
消化内科,内科
小儿内科,儿科
消化内科,内科
小儿内科,儿科
小儿内科,儿科
小儿内科,儿科
消化内科,内科
消化内科,内科
心内科,内科
消化内科,内科
心胸外科,外科
消化内科,内科
遗传病科,内科
消化内科,内科
肛肠科,外科
小儿外科,儿科
消化内科,内科
普外科,外科
消化内科,内科
消化内科,内科
消化内科,内科
内分泌科,内科
消化内科,内科
消化内科,内科
肿瘤内科,肿瘤科
肿瘤外科,肿瘤科
肛肠科,外科
消化内科,内科
消化内科,内科
消化内科,内科
肛肠科,外科
产科,妇产科
普外科,外科
消化内科,内科
消化内科,内科
肾内科,内科
泌尿外科,外科
产科,妇产科
肾内科,内科
肾内科,内科
小儿内科,儿科
肾内科,内科
肾内科,内科
肾内科,内科
泌尿外科,外科
肾内科,内科
肾内科,内科
肾内科,内科
肾内科,内科
肾内科,内科
肾内科,内科
肾内科,内科
肾内科,内科
肾内科,内科
肾内科,内科
肾内科,内科
肾内科,内科
肾内科,内科
肾内科,内科
肾内科,内科
肾内科,内科
肾内科,内科
肾内科,内科
肾内科,内科
呼吸内科,内科
肾内科,内科
肾内科,内科
肾内科,内科
肾内科,内科
肾内科,内科
肾内科,内科
肾内科,内科
泌尿内科,内科
肾内科,内科
泌尿外科,外科
泌尿内科,内科
泌尿内科,内科
泌尿外科,外科
肿瘤外科,肿瘤科
肾内科,内科
肾内科,内科
泌尿外科,外科
泌尿外科,外科
肾内科,内科
泌尿外科,外科
肾内科,内科
泌尿外科,外科
肾内科,内科
泌尿外科,外科
肾内科,内科
肾内科,内科
泌尿外科,外科
中医综合,中医科
肾内科,内科
内分泌科,内科
内分泌科,内科
烧伤科,外科
泌尿外科,外科
泌尿外科,外科
泌尿外科,外科
肿瘤外科,肿瘤科
肾内科,内科
肾内科,内科
泌尿外科,外科
肾内科,内科
肾内科,内科
肾内科,内科
肾内科,内科
肾内科,内科
小儿内科,儿科
小儿内科,儿科
儿科综合,儿科
儿科综合,儿科
小儿内科,儿科
儿科综合,儿科
泌尿内科,内科
肾内科,内科
肾内科,内科
肾内科,内科
肾内科,内科
肾内科,内科
神经内科,内科
神经内科,内科
神经内科,内科
神经内科,内科
神经内科,内科
神经内科,内科
神经内科,内科
神经内科,内科
神经内科,内科
神经内科,内科
神经内科,内科
神经内科,内科
肛肠科,外科
儿科综合,儿科
小儿内科,儿科
神经内科,内科
风湿免疫科,内科
神经内科,内科
神经内科,内科
神经内科,内科
神经内科,内科
普外科,外科
神经内科,内科
神经内科,内科
骨外科,外科
神经内科,内科
神经内科,内科
神经内科,内科
神经内科,内科
神经内科,内科
神经内科,内科
神经内科,内科
神经内科,内科
神经内科,内科
神经内科,内科
神经内科,内科
风湿免疫科,内科
神经内科,内科
耳鼻喉科,五官科
神经内科,内科
神经内科,内科
神经内科,内科
神经内科,内科
神经内科,内科
神经外科,外科
神经外科,外科
神经内科,内科
神经内科,内科
神经内科,内科
神经内科,内科
儿科综合,儿科
风湿免疫科,内科
神经内科,内科
神经内科,内科
神经内科,内科
耳鼻喉科,五官科
神经内科,内科
神经内科,内科
神经内科,内科
神经内科,内科
眼科,五官科
眼科,五官科
神经内科,内科
神经内科,内科
神经内科,内科
神经内科,内科
神经内科,内科
肿瘤外科,肿瘤科
神经内科,内科
神经内科,内科
神经内科,内科
神经内科,内科
耳鼻喉科,五官科
神经内科,内科
小儿内科,儿科
儿科综合,儿科
神经内科,内科
神经内科,内科
神经内科,内科
耳鼻喉科,五官科
神经内科,内科
神经内科,内科
耳鼻喉科,五官科
耳鼻喉科,五官科
眼科,五官科
神经内科,内科
心内科,内科
神经内科,内科
神经内科,内科
神经内科,内科
神经内科,内科
神经内科,内科
神经内科,内科
神经内科,内科
神经内科,内科
内分泌科,内科
妇科,妇产科
神经外科,外科
内分泌科,内科
内分泌科,内科
内分泌科,内科
内分泌科,内科
内分泌科,内科
妇科,妇产科
内分泌科,内科
内分泌科,内科
肿瘤内科,肿瘤科
内分泌科,内科
其他综合,其他科室
儿科综合,儿科
内分泌科,内科
内分泌科,内科
心内科,内科
骨外科,外科
内分泌科,内科
内分泌科,内科
呼吸内科,内科
呼吸内科,内科
内分泌科,内科
内分泌科,内科
内分泌科,内科
内分泌科,内科
普外科,外科
内分泌科,内科
口腔科,五官科
普外科,外科
内分泌科,内科
内分泌科,内科
内分泌科,内科
内分泌科,内科
内分泌科,内科
肿瘤外科,肿瘤科
普外科,外科
内分泌科,内科
内分泌科,内科
内分泌科,内科
内分泌科,内科
内分泌科,内科
内分泌科,内科
内分泌科,内科
内分泌科,内科
眼科,五官科
皮肤科,皮肤性病科
心胸外科,外科
皮肤科,皮肤性病科
普外科,外科
肿瘤内科,肿瘤科
内分泌科,内科
口腔科,五官科
内分泌科,内科
口腔科,五官科
内分泌科,内科
口腔科,五官科
内分泌科,内科
内分泌科,内科
内分泌科,内科
内分泌科,内科
普外科,外科
普外科,外科
儿科综合,儿科
口腔科,五官科
心胸外科,外科
遗传病科,内科
口腔科,五官科
口腔科,五官科
内分泌科,内科
耳鼻喉科,五官科
口腔科,五官科
肿瘤外科,肿瘤科
肿瘤外科,肿瘤科
肿瘤外科,肿瘤科
肿瘤外科,肿瘤科
肿瘤外科,肿瘤科
内分泌科,内科
内分泌科,内科
肿瘤内科,肿瘤科
肿瘤外科,肿瘤科
内分泌科,内科
内分泌科,内科
血液科,内科
血液科,内科
血液科,内科
血液科,内科
血液科,内科
血液科,内科
血液科,内科
血液科,内科
血液科,内科
血液科,内科
内分泌科,内科
血液科,内科
血液科,内科
血液科,内科
血液科,内科
肿瘤外科,肿瘤科
血液科,内科
血液科,内科
骨外科,外科
血液科,内科
血液科,内科
血液科,内科
血液科,内科
血液科,内科
血液科,内科
血液科,内科
血液科,内科
血液科,内科
血液科,内科
肾内科,内科
普外科,外科
血液科,内科
血液科,内科
骨外科,外科
血液科,内科
血液科,内科
泌尿外科,外科
血液科,内科
血液科,内科
普外科,外科
血液科,内科
血液科,内科
血液科,内科
血液科,内科
血液科,内科
血液科,内科
血液科,内科
血液科,内科
血液科,内科
血液科,内科
儿科综合,儿科
血液科,内科
血液科,内科
血液科,内科
儿科综合,儿科
儿科综合,儿科
肿瘤外科,肿瘤科
血液科,内科
血液科,内科
血液科,内科
血液科,内科
血液科,内科
血液科,内科
血液科,内科
血液科,内科
血液科,内科
血液科,内科
儿科综合,儿科
血液科,内科
血液科,内科
血液科,内科
血液科,内科
风湿免疫科,内科
风湿免疫科,内科
风湿免疫科,内科
风湿免疫科,内科
耳鼻喉科,五官科
风湿免疫科,内科
风湿免疫科,内科
风湿免疫科,内科
风湿免疫科,内科
风湿免疫科,内科
风湿免疫科,内科
风湿免疫科,内科
风湿免疫科,内科
风湿免疫科,内科
风湿免疫科,内科
骨外科,外科
风湿免疫科,内科
风湿免疫科,内科
风湿免疫科,内科
风湿免疫科,内科
风湿免疫科,内科
风湿免疫科,内科
普外科,外科
风湿免疫科,内科
风湿免疫科,内科
耳鼻喉科,五官科
风湿免疫科,内科
风湿免疫科,内科
风湿免疫科,内科
皮肤科,皮肤性病科
风湿免疫科,内科
皮肤科,皮肤性病科
风湿免疫科,内科
风湿免疫科,内科
普外科,外科
风湿免疫科,内科
普外科,外科
肿瘤外科,肿瘤科
风湿免疫科,内科
风湿免疫科,内科
风湿免疫科,内科
普外科,外科
风湿免疫科,内科
风湿免疫科,内科
风湿免疫科,内科
风湿免疫科,内科
儿科综合,儿科
小儿外科,儿科
风湿免疫科,内科
风湿免疫科,内科
肿瘤外科,肿瘤科
小儿外科,儿科
风湿免疫科,内科
风湿免疫科,内科
风湿免疫科,内科
风湿免疫科,内科
风湿免疫科,内科
风湿免疫科,内科
风湿免疫科,内科
风湿免疫科,内科
风湿免疫科,内科
心胸外科,外科
心胸外科,外科
心胸外科,外科
心胸外科,外科
心胸外科,外科
心胸外科,外科
心胸外科,外科
心胸外科,外科
呼吸内科,内科
心胸外科,外科
心胸外科,外科
心胸外科,外科
肿瘤外科,肿瘤科
心胸外科,外科
骨外科,外科
心胸外科,外科
心胸外科,外科
呼吸内科,内科
心胸外科,外科
心内科,内科
心内科,内科
心内科,内科
心内科,内科
呼吸内科,内科
心胸外科,外科
心内科,内科
心胸外科,外科
心胸外科,外科
心胸外科,外科
心胸外科,外科
心胸外科,外科
心内科,内科
心胸外科,外科
心胸外科,外科
心胸外科,外科
心胸外科,外科
肿瘤外科,肿瘤科
心胸外科,外科
心内科,内科
心内科,内科
心胸外科,外科
肿瘤外科,肿瘤科
心胸外科,外科
肿瘤外科,肿瘤科
眼科,五官科
骨外科,外科
神经外科,外科
神经外科,外科
神经外科,外科
神经外科,外科
神经外科,外科
神经外科,外科
神经外科,外科
神经外科,外科
耳鼻喉科,五官科
耳鼻喉科,五官科
神经外科,外科
神经内科,内科
骨外科,外科
风湿免疫科,内科
骨外科,外科
骨外科,外科
骨外科,外科
骨外科,外科
骨外科,外科
骨外科,外科
骨外科,外科
骨外科,外科
骨外科,外科
骨外科,外科
神经外科,外科
神经外科,外科
骨外科,外科
骨外科,外科
骨外科,外科
神经内科,内科
神经外科,外科
神经外科,外科
神经外科,外科
神经内科,内科
神经内科,内科
骨外科,外科
神经外科,外科
神经外科,外科
神经内科,内科
神经外科,外科
肿瘤外科,肿瘤科
神经外科,外科
神经外科,外科
神经外科,外科
神经外科,外科
神经外科,外科
神经外科,外科
神经外科,外科
神经外科,外科
神经内科,内科
神经外科,外科
神经外科,外科
神经外科,外科
神经外科,外科
神经外科,外科
神经内科,内科
神经外科,外科
神经外科,外科
神经外科,外科
皮肤科,皮肤性病科
神经外科,外科
神经外科,外科
神经外科,外科
神经外科,外科
神经外科,外科
耳鼻喉科,五官科
神经外科,外科
神经外科,外科
神经外科,外科
神经外科,外科
神经外科,外科
神经外科,外科
神经外科,外科
神经外科,外科
儿科综合,儿科
儿科综合,儿科
神经外科,外科
神经外科,外科
神经外科,外科
神经外科,外科
中医综合,中医科
神经内科,内科
肝胆外科,外科
肝胆外科,外科
肝胆外科,外科
肝胆外科,外科
肝胆外科,外科
肝胆外科,外科
消化内科,内科
肝胆外科,外科
肝胆外科,外科
肝胆外科,外科
肝胆外科,外科
肝胆外科,外科
肝胆外科,外科
肝胆外科,外科
普外科,外科
消化内科,内科
消化内科,内科
消化内科,内科
普外科,外科
肿瘤内科,肿瘤科
普外科,外科
肝胆外科,外科
肝胆外科,外科
普外科,外科
普外科,外科
肝胆外科,外科
肝胆外科,外科
普外科,外科
普外科,外科
肿瘤外科,肿瘤科
泌尿外科,外科
泌尿外科,外科
泌尿外科,外科
泌尿外科,外科
泌尿外科,外科
泌尿外科,外科
泌尿外科,外科
泌尿外科,外科
泌尿外科,外科
泌尿外科,外科
泌尿外科,外科
肿瘤外科,肿瘤科
肿瘤外科,肿瘤科
泌尿外科,外科
泌尿外科,外科
泌尿外科,外科
泌尿外科,外科
泌尿外科,外科
泌尿外科,外科
泌尿外科,外科
泌尿外科,外科
肿瘤内科,肿瘤科
泌尿外科,外科
泌尿外科,外科
泌尿外科,外科
泌尿外科,外科
泌尿外科,外科
泌尿外科,外科
泌尿外科,外科
泌尿外科,外科
肿瘤外科,肿瘤科
肿瘤外科,肿瘤科
泌尿外科,外科
肿瘤外科,肿瘤科
小儿内科,儿科
泌尿外科,外科
肾内科,内科
普外科,外科
普外科,外科
普外科,外科
小儿外科,儿科
普外科,外科
普外科,外科
普外科,外科
普外科,外科
肛肠科,外科
肛肠科,外科
肛肠科,外科
肛肠科,外科
肛肠科,外科
肛肠科,外科
肛肠科,外科
肛肠科,外科
肛肠科,外科
肛肠科,外科
肛肠科,外科
肛肠科,外科
肛肠科,外科
消化内科,内科
肛肠科,外科
产科,妇产科
消化内科,内科
普外科,外科
肛肠科,外科
消化内科,内科
普外科,外科
消化内科,内科
肛肠科,外科
消化内科,内科
肛肠科,外科
肛肠科,外科
肛肠科,外科
肿瘤内科,肿瘤科
肛肠科,外科
肛肠科,外科
肛肠科,外科
肛肠科,外科
肛肠科,外科
肛肠科,外科
肛肠科,外科
骨外科,外科
骨外科,外科
骨外科,外科
骨外科,外科
骨外科,外科
骨外科,外科
骨外科,外科
骨外科,外科
骨外科,外科
骨外科,外科
骨外科,外科
骨外科,外科
骨外科,外科
骨外科,外科
骨外科,外科
骨外科,外科
骨外科,外科
骨外科,外科
骨外科,外科
骨外科,外科
骨外科,外科
骨外科,外科
骨外科,外科
骨外科,外科
骨外科,外科
风湿免疫科,内科
骨外科,外科
神经内科,内科
神经内科,内科
肿瘤外科,肿瘤科
骨外科,外科
骨外科,外科
骨外科,外科
骨外科,外科
骨外科,外科
骨外科,外科
骨外科,外科
骨外科,外科
骨外科,外科
骨外科,外科
骨外科,外科
骨外科,外科
骨外科,外科
骨外科,外科
肿瘤外科,肿瘤科
骨外科,外科
骨外科,外科
骨外科,外科
肿瘤外科,肿瘤科
骨外科,外科
骨外科,外科
骨外科,外科
肿瘤外科,肿瘤科
骨外科,外科
骨外科,外科
骨外科,外科
骨外科,外科
骨外科,外科
骨外科,外科
骨外科,外科
骨外科,外科
骨外科,外科
骨外科,外科
骨外科,外科
肿瘤外科,肿瘤科
骨外科,外科
肿瘤外科,肿瘤科
肿瘤外科,肿瘤科
骨外科,外科
骨外科,外科
骨外科,外科
骨外科,外科
骨外科,外科
骨外科,外科
骨外科,外科
骨外科,外科
骨外科,外科
骨外科,外科
骨外科,外科
骨外科,外科
骨外科,外科
骨外科,外科
骨外科,外科
骨外科,外科
口腔科,五官科
骨外科,外科
骨外科,外科
骨外科,外科
肿瘤外科,肿瘤科
肿瘤外科,肿瘤科
骨外科,外科
肿瘤外科,肿瘤科
骨外科,外科
肿瘤外科,肿瘤科
骨外科,外科
骨外科,外科
骨外科,外科
骨外科,外科
骨外科,外科
骨外科,外科
骨外科,外科
骨外科,外科
骨外科,外科
骨外科,外科
神经内科,内科
骨外科,外科
骨外科,外科
神经内科,内科
骨外科,外科
骨外科,外科
骨外科,外科
肿瘤外科,肿瘤科
骨外科,外科
骨外科,外科
骨外科,外科
骨外科,外科
神经外科,外科
骨外科,外科
骨外科,外科
骨外科,外科
骨外科,外科
神经内科,内科
骨外科,外科
骨外科,外科
骨外科,外科
骨外科,外科
神经内科,内科
骨外科,外科
骨外科,外科
骨外科,外科
眼科,五官科
骨外科,外科
骨外科,外科
骨外科,外科
骨外科,外科
骨外科,外科
骨外科,外科
产科,妇产科
骨外科,外科
口腔科,五官科
口腔科,五官科
骨外科,外科
骨外科,外科
骨外科,外科
骨外科,外科
骨外科,外科
骨外科,外科
骨外科,外科
骨外科,外科
骨外科,外科
肿瘤外科,肿瘤科
肿瘤外科,肿瘤科
骨外科,外科
骨外科,外科
骨外科,外科
骨外科,外科
骨外科,外科
骨外科,外科
骨外科,外科
骨外科,外科
骨外科,外科
骨外科,外科
骨外科,外科
骨外科,外科
儿科综合,儿科
骨外科,外科
骨外科,外科
骨外科,外科
肿瘤外科,肿瘤科
小儿内科,儿科
骨外科,外科
骨外科,外科
骨外科,外科
骨外科,外科
骨外科,外科
骨外科,外科
骨外科,外科
骨外科,外科
骨外科,外科
骨外科,外科
骨外科,外科
骨外科,外科
骨外科,外科
骨外科,外科
骨外科,外科
骨外科,外科
骨外科,外科
骨外科,外科
骨外科,外科
骨外科,外科
骨外科,外科
骨外科,外科
风湿免疫科,内科
骨外科,外科
骨外科,外科
骨外科,外科
骨外科,外科
骨外科,外科
骨外科,外科
骨外科,外科
风湿免疫科,内科
骨外科,外科
骨外科,外科
骨外科,外科
骨外科,外科
普外科,外科
骨外科,外科
骨外科,外科
骨外科,外科
眼科,五官科
眼科,五官科
神经内科,内科
骨外科,外科
骨外科,外科
骨外科,外科
骨外科,外科
骨外科,外科
骨外科,外科
骨外科,外科
骨外科,外科
骨外科,外科
骨外科,外科
骨外科,外科
骨外科,外科
骨外科,外科
骨外科,外科
骨外科,外科
骨外科,外科
骨外科,外科
骨外科,外科
普外科,外科
普外科,外科
耳鼻喉科,五官科
耳鼻喉科,五官科
耳鼻喉科,五官科
普外科,外科
普外科,外科
耳鼻喉科,五官科
耳鼻喉科,五官科
烧伤科,外科
烧伤科,外科
普外科,外科
耳鼻喉科,五官科
耳鼻喉科,五官科
血液科,内科
普外科,外科
眼科,五官科
普外科,外科
普外科,外科
普外科,外科
普外科,外科
耳鼻喉科,五官科
普外科,外科
普外科,外科
心胸外科,外科
普外科,外科
普外科,外科
耳鼻喉科,五官科
烧伤科,外科
烧伤科,外科
烧伤科,外科
烧伤科,外科
消化内科,内科
烧伤科,外科
烧伤科,外科
烧伤科,外科
烧伤科,外科
小儿外科,儿科
烧伤科,外科
耳鼻喉科,五官科
眼科,五官科
皮肤科,皮肤性病科
皮肤科,皮肤性病科
皮肤科,皮肤性病科
皮肤科,皮肤性病科
皮肤科,皮肤性病科
耳鼻喉科,五官科
普外科,外科
普外科,外科
普外科,外科
肿瘤外科,肿瘤科
普外科,外科
肿瘤内科,肿瘤科
普外科,外科
骨外科,外科
骨外科,外科
普外科,外科
普外科,外科
普外科,外科
普外科,外科
普外科,外科
肿瘤外科,肿瘤科
耳鼻喉科,五官科
耳鼻喉科,五官科
肿瘤内科,肿瘤科
骨外科,外科
肿瘤外科,肿瘤科
肿瘤外科,肿瘤科
妇科,妇产科
耳鼻喉科,五官科
肿瘤外科,肿瘤科
肿瘤外科,肿瘤科
肿瘤外科,肿瘤科
肿瘤外科,肿瘤科
肿瘤内科,肿瘤科
肿瘤内科,肿瘤科
肿瘤外科,肿瘤科
肿瘤外科,肿瘤科
眼科,五官科
内分泌科,内科
肿瘤内科,肿瘤科
肿瘤外科,肿瘤科
肿瘤外科,肿瘤科
肿瘤外科,肿瘤科
肿瘤外科,肿瘤科
肿瘤外科,肿瘤科
肿瘤外科,肿瘤科
肿瘤外科,肿瘤科
肿瘤外科,肿瘤科
肿瘤外科,肿瘤科
肿瘤外科,肿瘤科
口腔科,五官科
肿瘤外科,肿瘤科
皮肤科,皮肤性病科
肿瘤外科,肿瘤科
肿瘤内科,肿瘤科
肿瘤外科,肿瘤科
肿瘤内科,肿瘤科
肿瘤内科,肿瘤科
肿瘤外科,肿瘤科
肿瘤内科,肿瘤科
眼科,五官科
妇科,妇产科
肿瘤内科,肿瘤科
肿瘤内科,肿瘤科
肿瘤内科,肿瘤科
肿瘤内科,肿瘤科
肿瘤外科,肿瘤科
普外科,外科
肿瘤外科,肿瘤科
心胸外科,外科
肿瘤内科,肿瘤科
血液科,内科
肿瘤内科,肿瘤科
肿瘤外科,肿瘤科
肿瘤外科,肿瘤科
眼科,五官科
普外科,外科
肿瘤外科,肿瘤科
肿瘤内科,肿瘤科
肿瘤外科,肿瘤科
肿瘤外科,肿瘤科
肿瘤外科,肿瘤科
肿瘤外科,肿瘤科
肿瘤外科,肿瘤科
肿瘤外科,肿瘤科
肿瘤外科,肿瘤科
肿瘤内科,肿瘤科
肿瘤外科,肿瘤科
肿瘤外科,肿瘤科
眼科,五官科
肿瘤外科,肿瘤科
肿瘤内科,肿瘤科
肿瘤外科,肿瘤科
肿瘤外科,肿瘤科
肿瘤外科,肿瘤科
肿瘤外科,肿瘤科
肿瘤外科,肿瘤科
肿瘤外科,肿瘤科
肿瘤外科,肿瘤科
肿瘤内科,肿瘤科
口腔科,五官科
耳鼻喉科,五官科
耳鼻喉科,五官科
肿瘤外科,肿瘤科
肿瘤外科,肿瘤科
肿瘤外科,肿瘤科
肿瘤外科,肿瘤科
肿瘤外科,肿瘤科
眼科,五官科
耳鼻喉科,五官科
肿瘤外科,肿瘤科
普外科,外科
妇科,妇产科
肿瘤外科,肿瘤科
肿瘤外科,肿瘤科
肿瘤外科,肿瘤科
肿瘤外科,肿瘤科
妇科,妇产科
妇科,妇产科
妇科,妇产科
妇科,妇产科
妇科,妇产科
妇科,妇产科
妇科,妇产科
产科,妇产科
妇科,妇产科
妇科,妇产科
妇科,妇产科
妇科,妇产科
妇科,妇产科
内分泌科,内科
妇科,妇产科
妇科,妇产科
妇科,妇产科
妇科,妇产科
妇科,妇产科
妇科,妇产科
妇科,妇产科
妇科,妇产科
妇科,妇产科
妇科,妇产科
妇科,妇产科
妇科,妇产科
妇科,妇产科
妇科,妇产科
妇科,妇产科
妇科,妇产科
产科,妇产科
产科,妇产科
产科,妇产科
妇科,妇产科
性病科,皮肤性病科
妇科,妇产科
妇科,妇产科
妇科,妇产科
妇科,妇产科
妇科,妇产科
妇科,妇产科
其他综合,其他科室
妇科,妇产科
妇科,妇产科
妇科,妇产科
妇科,妇产科
妇科,妇产科
妇科,妇产科
妇科,妇产科
妇科,妇产科
妇科,妇产科
妇科,妇产科
妇科,妇产科
妇科,妇产科
产科,妇产科
产科,妇产科
产科,妇产科
产科,妇产科
产科,妇产科
产科,妇产科
产科,妇产科
产科,妇产科
产科,妇产科
产科,妇产科
产科,妇产科
产科,妇产科
产科,妇产科
产科,妇产科
产科,妇产科
产科,妇产科
小儿内科,儿科
儿科综合,儿科
普外科,外科
儿科综合,儿科
口腔科,五官科
儿科综合,儿科
儿科综合,儿科
儿科综合,儿科
儿科综合,儿科
儿科综合,儿科
小儿内科,儿科
儿科综合,儿科
普外科,外科
小儿外科,儿科
儿科综合,儿科
儿科综合,儿科
小儿内科,儿科
儿科综合,儿科
小儿内科,儿科
普外科,外科
产科,妇产科
骨外科,外科
小儿内科,儿科
普外科,外科
风湿免疫科,内科
儿科综合,儿科
眼科,五官科
儿科综合,儿科
小儿内科,儿科
儿科综合,儿科
儿科综合,儿科
普外科,外科
小儿内科,儿科
儿科综合,儿科
小儿内科,儿科
耳鼻喉科,五官科
眼科,五官科
儿科综合,儿科
普外科,外科
小儿外科,儿科
儿科综合,儿科
小儿内科,儿科
儿科综合,儿科
儿科综合,儿科
小儿内科,儿科
小儿内科,儿科
口腔科,五官科
耳鼻喉科,五官科
儿科综合,儿科
儿科综合,儿科
神经内科,内科
儿科综合,儿科
眼科,五官科
眼科,五官科
眼科,五官科
眼科,五官科
眼科,五官科
眼科,五官科
眼科,五官科
眼科,五官科
眼科,五官科
眼科,五官科
眼科,五官科
眼科,五官科
眼科,五官科
眼科,五官科
眼科,五官科
眼科,五官科
眼科,五官科
眼科,五官科
眼科,五官科
眼科,五官科
眼科,五官科
眼科,五官科
眼科,五官科
眼科,五官科
眼科,五官科
眼科,五官科
眼科,五官科
眼科,五官科
眼科,五官科
眼科,五官科
眼科,五官科
眼科,五官科
眼科,五官科
眼科,五官科
眼科,五官科
眼科,五官科
眼科,五官科
眼科,五官科
眼科,五官科
眼科,五官科
眼科,五官科
眼科,五官科
眼科,五官科
眼科,五官科
眼科,五官科
眼科,五官科
眼科,五官科
眼科,五官科
眼科,五官科
眼科,五官科
眼科,五官科
眼科,五官科
眼科,五官科
眼科,五官科
眼科,五官科
眼科,五官科
眼科,五官科
眼科,五官科
眼科,五官科
眼科,五官科
眼科,五官科
眼科,五官科
眼科,五官科
眼科,五官科
眼科,五官科
眼科,五官科
眼科,五官科
眼科,五官科
眼科,五官科
眼科,五官科
眼科,五官科
眼科,五官科
眼科,五官科
眼科,五官科
眼科,五官科
眼科,五官科
眼科,五官科
眼科,五官科
眼科,五官科
眼科,五官科
眼科,五官科
眼科,五官科
眼科,五官科
眼科,五官科
眼科,五官科
眼科,五官科
眼科,五官科
眼科,五官科
眼科,五官科
眼科,五官科
眼科,五官科
眼科,五官科
眼科,五官科
眼科,五官科
眼科,五官科
眼科,五官科
眼科,五官科
眼科,五官科
眼科,五官科
眼科,五官科
眼科,五官科
眼科,五官科
眼科,五官科
眼科,五官科
眼科,五官科
眼科,五官科
眼科,五官科
眼科,五官科
眼科,五官科
眼科,五官科
眼科,五官科
眼科,五官科
眼科,五官科
眼科,五官科
眼科,五官科
眼科,五官科
眼科,五官科
眼科,五官科
眼科,五官科
眼科,五官科
眼科,五官科
眼科,五官科
眼科,五官科
眼科,五官科
眼科,五官科
眼科,五官科
眼科,五官科
眼科,五官科
眼科,五官科
耳鼻喉科,五官科
耳鼻喉科,五官科
耳鼻喉科,五官科
耳鼻喉科,五官科
耳鼻喉科,五官科
耳鼻喉科,五官科
耳鼻喉科,五官科
耳鼻喉科,五官科
耳鼻喉科,五官科
耳鼻喉科,五官科
耳鼻喉科,五官科
耳鼻喉科,五官科
耳鼻喉科,五官科
耳鼻喉科,五官科
耳鼻喉科,五官科
耳鼻喉科,五官科
耳鼻喉科,五官科
耳鼻喉科,五官科
耳鼻喉科,五官科
口腔科,五官科
耳鼻喉科,五官科
耳鼻喉科,五官科
耳鼻喉科,五官科
耳鼻喉科,五官科
耳鼻喉科,五官科
口腔科,五官科
耳鼻喉科,五官科
耳鼻喉科,五官科
耳鼻喉科,五官科
耳鼻喉科,五官科
耳鼻喉科,五官科
耳鼻喉科,五官科
耳鼻喉科,五官科
口腔科,五官科
耳鼻喉科,五官科
耳鼻喉科,五官科
耳鼻喉科,五官科
耳鼻喉科,五官科
耳鼻喉科,五官科
耳鼻喉科,五官科
耳鼻喉科,五官科
耳鼻喉科,五官科
耳鼻喉科,五官科
皮肤科,皮肤性病科
口腔科,五官科
耳鼻喉科,五官科
口腔科,五官科
耳鼻喉科,五官科
神经内科,内科
耳鼻喉科,五官科
耳鼻喉科,五官科
耳鼻喉科,五官科
耳鼻喉科,五官科
耳鼻喉科,五官科
口腔科,五官科
耳鼻喉科,五官科
耳鼻喉科,五官科
耳鼻喉科,五官科
耳鼻喉科,五官科
耳鼻喉科,五官科
耳鼻喉科,五官科
耳鼻喉科,五官科
耳鼻喉科,五官科
耳鼻喉科,五官科
神经内科,内科
耳鼻喉科,五官科
耳鼻喉科,五官科
普外科,外科
耳鼻喉科,五官科
耳鼻喉科,五官科
耳鼻喉科,五官科
耳鼻喉科,五官科
耳鼻喉科,五官科
耳鼻喉科,五官科
耳鼻喉科,五官科
耳鼻喉科,五官科
耳鼻喉科,五官科
耳鼻喉科,五官科
耳鼻喉科,五官科
耳鼻喉科,五官科
耳鼻喉科,五官科
耳鼻喉科,五官科
耳鼻喉科,五官科
耳鼻喉科,五官科
耳鼻喉科,五官科
耳鼻喉科,五官科
耳鼻喉科,五官科
耳鼻喉科,五官科
耳鼻喉科,五官科
耳鼻喉科,五官科
神经外科,外科
耳鼻喉科,五官科
耳鼻喉科,五官科
耳鼻喉科,五官科
耳鼻喉科,五官科
耳鼻喉科,五官科
耳鼻喉科,五官科
耳鼻喉科,五官科
耳鼻喉科,五官科
耳鼻喉科,五官科
耳鼻喉科,五官科
耳鼻喉科,五官科
耳鼻喉科,五官科
耳鼻喉科,五官科
耳鼻喉科,五官科
耳鼻喉科,五官科
耳鼻喉科,五官科
神经内科,内科
皮肤科,皮肤性病科
口腔科,五官科
口腔科,五官科
口腔科,五官科
口腔科,五官科
口腔科,五官科
口腔科,五官科
皮肤科,皮肤性病科
口腔科,五官科
口腔科,五官科
口腔科,五官科
口腔科,五官科
口腔科,五官科
口腔科,五官科
皮肤科,皮肤性病科
口腔科,五官科
口腔科,五官科
口腔科,五官科
口腔科,五官科
口腔科,五官科
肿瘤外科,肿瘤科
口腔科,五官科
口腔科,五官科
口腔科,五官科
口腔科,五官科
口腔科,五官科
口腔科,五官科
口腔科,五官科
口腔科,五官科
口腔科,五官科
口腔科,五官科
口腔科,五官科
口腔科,五官科
眼科,五官科
口腔科,五官科
口腔科,五官科
口腔科,五官科
口腔科,五官科
口腔科,五官科
口腔科,五官科
耳鼻喉科,五官科
耳鼻喉科,五官科
消化内科,内科
口腔科,五官科
口腔科,五官科
口腔科,五官科
耳鼻喉科,五官科
口腔科,五官科
口腔科,五官科
口腔科,五官科
口腔科,五官科
口腔科,五官科
口腔科,五官科
口腔科,五官科
口腔科,五官科
口腔科,五官科
口腔科,五官科
口腔科,五官科
口腔科,五官科
口腔科,五官科
口腔科,五官科
皮肤科,皮肤性病科
口腔科,五官科
口腔科,五官科
口腔科,五官科
口腔科,五官科
口腔科,五官科
口腔科,五官科
口腔科,五官科
口腔科,五官科
口腔科,五官科
口腔科,五官科
口腔科,五官科
口腔科,五官科
口腔科,五官科
口腔科,五官科
口腔科,五官科
口腔科,五官科
口腔科,五官科
口腔科,五官科
口腔科,五官科
产科,妇产科
皮肤科,皮肤性病科
皮肤科,皮肤性病科
消化内科,内科
内分泌科,内科
神经内科,内科
消化内科,内科
皮肤科,皮肤性病科
皮肤科,皮肤性病科
呼吸内科,内科
呼吸内科,内科
皮肤科,皮肤性病科
神经内科,内科
皮肤科,皮肤性病科
呼吸内科,内科
皮肤科,皮肤性病科
呼吸内科,内科
呼吸内科,内科
心胸外科,外科
呼吸内科,内科
肿瘤外科,肿瘤科
呼吸内科,内科
皮肤科,皮肤性病科
呼吸内科,内科
呼吸内科,内科
眼科,五官科
神经内科,内科
血液科,内科
肾内科,内科
皮肤科,皮肤性病科
消化内科,内科
神经内科,内科
眼科,五官科
儿科综合,儿科
性病科,皮肤性病科
风湿免疫科,内科
儿科综合,儿科
眼科,五官科
儿科综合,儿科
肾内科,内科
小儿内科,儿科
肾内科,内科
呼吸内科,内科
儿科综合,儿科
皮肤科,皮肤性病科
心内科,内科
皮肤科,皮肤性病科
血液科,内科
心内科,内科
骨外科,外科
心胸外科,外科
皮肤科,皮肤性病科
皮肤科,皮肤性病科
普外科,外科
呼吸内科,内科
骨外科,外科
呼吸内科,内科
呼吸内科,内科
心内科,内科
神经内科,内科
风湿免疫科,内科
心内科,内科
神经内科,内科
呼吸内科,内科
感染科,外科
骨外科,外科
眼科,五官科
呼吸内科,内科
心内科,内科
肾内科,内科
神经内科,内科
风湿免疫科,内科
血液科,内科
感染科,外科
内分泌科,内科
心内科,内科
心内科,内科
肾内科,内科
心内科,内科
血液科,内科
肿瘤外科,肿瘤科
心内科,内科
心内科,内科
皮肤科,皮肤性病科
神经内科,内科
神经内科,内科
内分泌科,内科
呼吸内科,内科
神经外科,外科
皮肤科,皮肤性病科
心内科,内科
神经内科,内科
心内科,内科
普外科,外科
皮肤科,皮肤性病科
心内科,内科
普外科,外科
肿瘤外科,肿瘤科
心内科,内科
内分泌科,内科
肿瘤外科,肿瘤科
普外科,外科
肿瘤外科,肿瘤科
风湿免疫科,内科
普外科,外科
骨外科,外科
消化内科,内科
骨外科,外科
感染科,外科
心内科,内科
产科,妇产科
骨外科,外科
消化内科,内科
血液科,内科
皮肤科,皮肤性病科
眼科,五官科
呼吸内科,内科
性病科,皮肤性病科
消化内科,内科
骨外科,外科
肛肠科,外科
普外科,外科
皮肤科,皮肤性病科
消化内科,内科
肝胆外科,外科
神经外科,外科
消化内科,内科
神经外科,外科
肿瘤外科,肿瘤科
耳鼻喉科,五官科
神经外科,外科
内分泌科,内科
神经外科,外科
普外科,外科
耳鼻喉科,五官科
普外科,外科
普外科,外科
眼科,五官科
皮肤科,皮肤性病科
妇科,妇产科
普外科,外科
妇科,妇产科
性病科,皮肤性病科
肿瘤外科,肿瘤科
妇科,妇产科
呼吸内科,内科
妇科,妇产科
妇科,妇产科
皮肤科,皮肤性病科
风湿免疫科,内科
妇科,妇产科
肿瘤外科,肿瘤科
普外科,外科
妇科,妇产科
肿瘤外科,肿瘤科
呼吸内科,内科
妇科,妇产科
妇科,妇产科
肿瘤外科,肿瘤科
眼科,五官科
肿瘤外科,肿瘤科
神经内科,内科
神经外科,外科
妇科,妇产科
普外科,外科
神经外科,外科
妇科,妇产科
肿瘤外科,肿瘤科
神经外科,外科
皮肤科,皮肤性病科
皮肤科,皮肤性病科
普外科,外科
口腔科,五官科
肿瘤外科,肿瘤科
骨外科,外科
肿瘤外科,肿瘤科
肿瘤内科,肿瘤科
妇科,妇产科
肿瘤外科,肿瘤科
肿瘤外科,肿瘤科
普外科,外科
血液科,内科
肿瘤外科,肿瘤科
普外科,外科
肿瘤内科,肿瘤科
妇科,妇产科
肿瘤外科,肿瘤科
妇科,妇产科
消化内科,内科
妇科,妇产科
妇科,妇产科
心内科,内科
妇科,妇产科
皮肤科,皮肤性病科
妇科,妇产科
骨外科,外科
肿瘤外科,肿瘤科
妇科,妇产科
消化内科,内科
肾内科,内科
肿瘤外科,肿瘤科
眼科,五官科
普外科,外科
风湿免疫科,内科
肾内科,内科
妇科,妇产科
皮肤科,皮肤性病科
肾内科,内科
内分泌科,内科
妇科,妇产科
泌尿外科,外科
妇科,妇产科
泌尿外科,外科
耳鼻喉科,五官科
妇科,妇产科
妇科,妇产科
消化内科,内科
产科,妇产科
肿瘤外科,肿瘤科
神经外科,外科
普外科,外科
肾内科,内科
感染科,外科
妇科,妇产科
普外科,外科
肾内科,内科
妇科,妇产科
呼吸内科,内科
肿瘤外科,肿瘤科
呼吸内科,内科
皮肤科,皮肤性病科
皮肤科,皮肤性病科
妇科,妇产科
妇科,妇产科
感染科,外科
妇科,妇产科
泌尿外科,外科
妇科,妇产科
泌尿外科,外科
皮肤科,皮肤性病科
皮肤科,皮肤性病科
妇科,妇产科
肾内科,内科
妇科,妇产科
肾内科,内科
泌尿外科,外科
皮肤科,皮肤性病科
妇科,妇产科
泌尿外科,外科
性病科,皮肤性病科
心内科,内科
妇科,妇产科
泌尿外科,外科
妇科,妇产科
妇科,妇产科
泌尿外科,外科
呼吸内科,内科
肾内科,内科
泌尿外科,外科
肿瘤外科,肿瘤科
泌尿外科,外科
烧伤科,外科
神经内科,内科
妇科,妇产科
妇科,妇产科
儿科综合,儿科
性病科,皮肤性病科
皮肤科,皮肤性病科
皮肤科,皮肤性病科
小儿内科,儿科
皮肤科,皮肤性病科
普外科,外科
小儿内科,儿科
皮肤科,皮肤性病科
普外科,外科
心内科,内科
妇科,妇产科
普外科,外科
妇科,妇产科
性病科,皮肤性病科
妇科,妇产科
耳鼻喉科,五官科
肿瘤外科,肿瘤科
肿瘤外科,肿瘤科
口腔科,五官科
妇科,妇产科
神经内科,内科
性病科,皮肤性病科
眼科,五官科
皮肤科,皮肤性病科
神经外科,外科
普外科,外科
妇科,妇产科
神经内科,内科
眼科,五官科
肿瘤外科,肿瘤科
肾内科,内科
口腔科,五官科
妇科,妇产科
皮肤科,皮肤性病科
小儿内科,儿科
口腔科,五官科
妇科,妇产科
神经内科,内科
内分泌科,内科
耳鼻喉科,五官科
妇科,妇产科
肿瘤外科,肿瘤科
风湿免疫科,内科
妇科,妇产科
内分泌科,内科
妇科,妇产科
眼科,五官科
呼吸内科,内科
消化内科,内科
妇科,妇产科
内分泌科,内科
普外科,外科
妇科,妇产科
泌尿内科,内科
妇科,妇产科
内分泌科,内科
皮肤科,皮肤性病科
心内科,内科
妇科,妇产科
眼科,五官科
普外科,外科
肿瘤外科,肿瘤科
肿瘤内科,肿瘤科
普外科,外科
妇科,妇产科
血液科,内科
消化内科,内科
皮肤科,皮肤性病科
内分泌科,内科
皮肤科,皮肤性病科
小儿内科,儿科
妇科,妇产科
风湿免疫科,内科
肿瘤外科,肿瘤科
肿瘤外科,肿瘤科
耳鼻喉科,五官科
肾内科,内科
血液科,内科
眼科,五官科
呼吸内科,内科
耳鼻喉科,五官科
眼科,五官科
风湿免疫科,内科
眼科,五官科
血液科,内科
肿瘤外科,肿瘤科
消化内科,内科
普外科,外科
风湿免疫科,内科
妇科,妇产科
风湿免疫科,内科
血液科,内科
神经内科,内科
肿瘤外科,肿瘤科
心内科,内科
神经内科,内科
心胸外科,外科
妇科,妇产科
其他综合,其他科室
皮肤科,皮肤性病科
妇科,妇产科
肿瘤外科,肿瘤科
内分泌科,内科
妇科,妇产科
血液科,内科
肝胆外科,外科
产科,妇产科
神经内科,内科
消化内科,内科
普外科,外科
眼科,五官科
肿瘤内科,肿瘤科
皮肤科,皮肤性病科
神经内科,内科
呼吸内科,内科
神经内科,内科
血液科,内科
骨外科,外科
肾内科,内科
普外科,外科
骨外科,外科
消化内科,内科
泌尿外科,外科
血液科,内科
神经内科,内科
心内科,内科
皮肤科,皮肤性病科
消化内科,内科
皮肤科,皮肤性病科
肾内科,内科
血液科,内科
风湿免疫科,内科
普外科,外科
血液科,内科
肿瘤外科,肿瘤科
耳鼻喉科,五官科
风湿免疫科,内科
妇科,妇产科
神经内科,内科
性病科,皮肤性病科
普外科,外科
普外科,外科
血液科,内科
消化内科,内科
神经内科,内科
耳鼻喉科,五官科
普外科,外科
眼科,五官科
普外科,外科
内分泌科,内科
耳鼻喉科,五官科
消化内科,内科
风湿免疫科,内科
呼吸内科,内科
消化内科,内科
普外科,外科
消化内科,内科
神经外科,外科
神经外科,外科
风湿免疫科,内科
妇科,妇产科
消化内科,内科
骨外科,外科
神经内科,内科
普外科,外科
耳鼻喉科,五官科
消化内科,内科
妇科,妇产科
消化内科,内科
肾内科,内科
皮肤科,皮肤性病科
消化内科,内科
神经外科,外科
皮肤科,皮肤性病科
普外科,外科
心内科,内科
呼吸内科,内科
普外科,外科
神经外科,外科
肾内科,内科
其他综合,其他科室
皮肤科,皮肤性病科
神经内科,内科
呼吸内科,内科
遗传病科,内科
肿瘤外科,肿瘤科
消化内科,内科
消化内科,内科
普外科,外科
肾内科,内科
内分泌科,内科
耳鼻喉科,五官科
骨外科,外科
皮肤科,皮肤性病科
内分泌科,内科
皮肤科,皮肤性病科
呼吸内科,内科
皮肤科,皮肤性病科
口腔科,五官科
肝胆外科,外科
皮肤科,皮肤性病科
眼科,五官科
皮肤科,皮肤性病科
消化内科,内科
妇科,妇产科
心内科,内科
皮肤科,皮肤性病科
皮肤科,皮肤性病科
神经内科,内科
内分泌科,内科
内分泌科,内科
皮肤科,皮肤性病科
心内科,内科
口腔科,五官科
心内科,内科
妇科,妇产科
消化内科,内科
神经内科,内科
眼科,五官科
血液科,内科
神经内科,内科
心内科,内科
心内科,内科
神经外科,外科
眼科,五官科
泌尿外科,外科
小儿外科,儿科
皮肤科,皮肤性病科
内分泌科,内科
眼科,五官科
消化内科,内科
口腔科,五官科
皮肤科,皮肤性病科
骨外科,外科
口腔科,五官科
骨外科,外科
口腔科,五官科
风湿免疫科,内科
骨外科,外科
眼科,五官科
皮肤科,皮肤性病科
神经外科,外科
皮肤科,皮肤性病科
皮肤科,皮肤性病科
神经内科,内科
神经内科,内科
皮肤科,皮肤性病科
眼科,五官科
呼吸内科,内科
心内科,内科
骨外科,外科
血液科,内科
内分泌科,内科
骨外科,外科
肿瘤外科,肿瘤科
风湿免疫科,内科
骨外科,外科
妇科,妇产科
风湿免疫科,内科
肿瘤外科,肿瘤科
呼吸内科,内科
风湿免疫科,内科
妇科,妇产科
皮肤科,皮肤性病科
产科,妇产科
皮肤科,皮肤性病科
骨外科,外科
神经内科,内科
耳鼻喉科,五官科
妇科,妇产科
皮肤科,皮肤性病科
妇科,妇产科
妇科,妇产科
皮肤科,皮肤性病科
神经外科,外科
妇科,妇产科
皮肤科,皮肤性病科
消化内科,内科
骨外科,外科
皮肤科,皮肤性病科
妇科,妇产科
耳鼻喉科,五官科
皮肤科,皮肤性病科
皮肤科,皮肤性病科
血液科,内科
泌尿外科,外科
心内科,内科
眼科,五官科
产科,妇产科
呼吸内科,内科
不孕不育,生殖健康
肿瘤外科,肿瘤科
呼吸内科,内科
内分泌科,内科
产科,妇产科
皮肤科,皮肤性病科
产科,妇产科
普外科,外科
产科,妇产科
皮肤科,皮肤性病科
神经内科,内科
普外科,外科
肿瘤内科,肿瘤科
皮肤科,皮肤性病科
普外科,外科
消化内科,内科
肾内科,内科
普外科,外科
耳鼻喉科,五官科
神经内科,内科
骨外科,外科
儿科综合,儿科
骨外科,外科
皮肤科,皮肤性病科
普外科,外科
内分泌科,内科
口腔科,五官科
泌尿外科,外科
皮肤科,皮肤性病科
皮肤科,皮肤性病科
皮肤科,皮肤性病科
普外科,外科
消化内科,内科
神经内科,内科
呼吸内科,内科
心胸外科,外科
神经内科,内科
心胸外科,外科
内分泌科,内科
消化内科,内科
皮肤科,皮肤性病科
心胸外科,外科
普外科,外科
神经内科,内科
肿瘤外科,肿瘤科
皮肤科,皮肤性病科
骨外科,外科
普外科,外科
儿科综合,儿科
口腔科,五官科
肝胆外科,外科
皮肤科,皮肤性病科
骨外科,外科
神经外科,外科
皮肤科,皮肤性病科
皮肤科,皮肤性病科
心内科,内科
皮肤科,皮肤性病科
神经内科,内科
血液科,内科
神经内科,内科
肛肠科,外科
肛肠科,外科
口腔科,五官科
消化内科,内科
普外科,外科
皮肤科,皮肤性病科
肝胆外科,外科
消化内科,内科
骨外科,外科
普外科,外科
眼科,五官科
儿科综合,儿科
皮肤科,皮肤性病科
儿科综合,儿科
消化内科,内科
皮肤科,皮肤性病科
神经外科,外科
皮肤科,皮肤性病科
皮肤科,皮肤性病科
泌尿外科,外科
骨外科,外科
心内科,内科
儿科综合,儿科
血液科,内科
心胸外科,外科
眼科,五官科
内分泌科,内科
消化内科,内科
产科,妇产科
风湿免疫科,内科
心胸外科,外科
消化内科,内科
神经内科,内科
皮肤科,皮肤性病科
骨外科,外科
肿瘤外科,肿瘤科
小儿外科,儿科
眼科,五官科
皮肤科,皮肤性病科
神经内科,内科
骨外科,外科
普外科,外科
普外科,外科
风湿免疫科,内科
口腔科,五官科
皮肤科,皮肤性病科
皮肤科,皮肤性病科
骨外科,外科
烧伤科,外科
皮肤科,皮肤性病科
口腔科,五官科
皮肤科,皮肤性病科
肿瘤外科,肿瘤科
妇科,妇产科
心内科,内科
皮肤科,皮肤性病科
皮肤科,皮肤性病科
血液科,内科
妇科,妇产科
皮肤科,皮肤性病科
普外科,外科
妇科,妇产科
口腔科,五官科
皮肤科,皮肤性病科
风湿免疫科,内科
心胸外科,外科
耳鼻喉科,五官科
皮肤科,皮肤性病科
血液科,内科
泌尿外科,外科
眼科,五官科
眼科,五官科
其他综合,其他科室
皮肤科,皮肤性病科
肾内科,内科
血液科,内科
口腔科,五官科
普外科,外科
心胸外科,外科
皮肤科,皮肤性病科
皮肤科,皮肤性病科
皮肤科,皮肤性病科
心胸外科,外科
皮肤科,皮肤性病科
血液科,内科
心内科,内科
神经内科,内科
肿瘤外科,肿瘤科
皮肤科,皮肤性病科
心胸外科,外科
皮肤科,皮肤性病科
神经内科,内科
风湿免疫科,内科
口腔科,五官科
普外科,外科
皮肤科,皮肤性病科
神经外科,外科
皮肤科,皮肤性病科
整形美容科,外科
骨外科,外科
呼吸内科,内科
小儿内科,儿科
骨外科,外科
普外科,外科
内分泌科,内科
普外科,外科
口腔科,五官科
肿瘤外科,肿瘤科
皮肤科,皮肤性病科
神经外科,外科
皮肤科,皮肤性病科
肝胆外科,外科
皮肤科,皮肤性病科
皮肤科,皮肤性病科
神经外科,外科
皮肤科,皮肤性病科
神经内科,内科
皮肤科,皮肤性病科
小儿外科,儿科
消化内科,内科
肿瘤外科,肿瘤科
泌尿外科,外科
皮肤科,皮肤性病科
消化内科,内科
妇科,妇产科
呼吸内科,内科
眼科,五官科
呼吸内科,内科
肿瘤内科,肿瘤科
妇科,妇产科
普外科,外科
普外科,外科
小儿内科,儿科
血液科,内科
肿瘤外科,肿瘤科
普外科,外科
眼科,五官科
普外科,外科
肿瘤内科,肿瘤科
耳鼻喉科,五官科
呼吸内科,内科
普外科,外科
血液科,内科
普外科,外科
骨外科,外科
皮肤科,皮肤性病科
骨外科,外科
骨外科,外科
眼科,五官科
消化内科,内科
普外科,外科
呼吸内科,内科
泌尿外科,外科
消化内科,内科
眼科,五官科
眼科,五官科
肿瘤外科,肿瘤科
心内科,内科
皮肤科,皮肤性病科
普外科,外科
心内科,内科
皮肤科,皮肤性病科
口腔科,五官科
消化内科,内科
皮肤科,皮肤性病科
儿科综合,儿科
妇科,妇产科
皮肤科,皮肤性病科
皮肤科,皮肤性病科
小儿内科,儿科
骨外科,外科
皮肤科,皮肤性病科
小儿内科,儿科
呼吸内科,内科
小儿内科,儿科
皮肤科,皮肤性病科
皮肤科,皮肤性病科
小儿内科,儿科
皮肤科,皮肤性病科
皮肤科,皮肤性病科
呼吸内科,内科
小儿内科,儿科
神经内科,内科
皮肤科,皮肤性病科
小儿内科,儿科
骨外科,外科
骨外科,外科
皮肤科,皮肤性病科
血液科,内科
妇科,妇产科
骨外科,外科
血液科,内科
血液科,内科
内分泌科,内科
骨外科,外科
小儿内科,儿科
眼科,五官科
皮肤科,皮肤性病科
神经内科,内科
血液科,内科
小儿内科,儿科
消化内科,内科
骨外科,外科
眼科,五官科
皮肤科,皮肤性病科
小儿内科,儿科
皮肤科,皮肤性病科
皮肤科,皮肤性病科
眼科,五官科
皮肤科,皮肤性病科
神经内科,内科
皮肤科,皮肤性病科
骨外科,外科
皮肤科,皮肤性病科
儿科综合,儿科
肿瘤外科,肿瘤科
小儿内科,儿科
风湿免疫科,内科
皮肤科,皮肤性病科
耳鼻喉科,五官科
血液科,内科
小儿内科,儿科
皮肤科,皮肤性病科
心内科,内科
小儿内科,儿科
骨外科,外科
肿瘤内科,肿瘤科
小儿内科,儿科
呼吸内科,内科
消化内科,内科
血液科,内科
皮肤科,皮肤性病科
小儿内科,儿科
骨外科,外科
皮肤科,皮肤性病科
小儿内科,儿科
心内科,内科
小儿内科,儿科
呼吸内科,内科
儿科综合,儿科
心内科,内科
小儿内科,儿科
血液科,内科
小儿内科,儿科
皮肤科,皮肤性病科
皮肤科,皮肤性病科
风湿免疫科,内科
小儿内科,儿科
心内科,内科
耳鼻喉科,五官科
耳鼻喉科,五官科
呼吸内科,内科
皮肤科,皮肤性病科
口腔科,五官科
小儿内科,儿科
神经内科,内科
耳鼻喉科,五官科
小儿内科,儿科
皮肤科,皮肤性病科
皮肤科,皮肤性病科
血液科,内科
儿科综合,儿科
皮肤科,皮肤性病科
耳鼻喉科,五官科
血液科,内科
小儿内科,儿科
肿瘤外科,肿瘤科
小儿内科,儿科
肿瘤外科,肿瘤科
小儿内科,儿科
骨外科,外科
口腔科,五官科
皮肤科,皮肤性病科
小儿外科,儿科
皮肤科,皮肤性病科
小儿内科,儿科
风湿免疫科,内科
耳鼻喉科,五官科
小儿内科,儿科
普外科,外科
呼吸内科,内科
小儿内科,儿科
神经内科,内科
小儿内科,儿科
皮肤科,皮肤性病科
小儿外科,儿科
性病科,皮肤性病科
普外科,外科
小儿内科,儿科
肾内科,内科
产科,妇产科
小儿外科,儿科
小儿内科,儿科
产科,妇产科
小儿内科,儿科
神经外科,外科
小儿外科,儿科
耳鼻喉科,五官科
呼吸内科,内科
小儿外科,儿科
产科,妇产科
小儿内科,儿科
性病科,皮肤性病科
产科,妇产科
小儿内科,儿科
神经内科,内科
产科,妇产科
儿科综合,儿科
骨外科,外科
儿科综合,儿科
肿瘤外科,肿瘤科
血液科,内科
消化内科,内科
消化内科,内科
儿科综合,儿科
耳鼻喉科,五官科
皮肤科,皮肤性病科
儿科综合,儿科
消化内科,内科
小儿内科,儿科
性病科,皮肤性病科
烧伤科,外科
骨外科,外科
心胸外科,外科
神经内科,内科
消化内科,内科
小儿内科,儿科
消化内科,内科
神经内科,内科
消化内科,内科
小儿内科,儿科
内分泌科,内科
呼吸内科,内科
小儿内科,儿科
消化内科,内科
消化内科,内科
小儿外科,儿科
口腔科,五官科
呼吸内科,内科
神经内科,内科
小儿外科,儿科
产科,妇产科
消化内科,内科
神经内科,内科
小儿外科,儿科
消化内科,内科
耳鼻喉科,五官科
肿瘤外科,肿瘤科
普外科,外科
小儿内科,儿科
消化内科,内科
妇科,妇产科
普外科,外科
耳鼻喉科,五官科
肿瘤内科,肿瘤科
消化内科,内科
呼吸内科,内科
皮肤科,皮肤性病科
神经内科,内科
神经内科,内科
普外科,外科
小儿外科,儿科
神经内科,内科
骨外科,外科
小儿内科,儿科
产科,妇产科
血液科,内科
小儿内科,儿科
内分泌科,内科
消化内科,内科
皮肤科,皮肤性病科
小儿外科,儿科
耳鼻喉科,五官科
小儿外科,儿科
内分泌科,内科
骨外科,外科
皮肤科,皮肤性病科
耳鼻喉科,五官科
神经外科,外科
小儿内科,儿科
神经内科,内科
神经内科,内科
儿科综合,儿科
妇科,妇产科
皮肤科,皮肤性病科
儿科综合,儿科
妇科,妇产科
小儿内科,儿科
皮肤科,皮肤性病科
儿科综合,儿科
皮肤科,皮肤性病科
风湿免疫科,内科
心内科,内科
小儿内科,儿科
妇科,妇产科
儿科综合,儿科
产科,妇产科
小儿外科,儿科
妇科,妇产科
皮肤科,皮肤性病科
小儿内科,儿科
小儿内科,儿科
妇科,妇产科
神经内科,内科
小儿内科,儿科
妇科,妇产科
骨外科,外科
小儿内科,儿科
肛肠科,外科
性病科,皮肤性病科
心内科,内科
儿科综合,儿科
肿瘤外科,肿瘤科
皮肤科,皮肤性病科
耳鼻喉科,五官科
小儿内科,儿科
小儿外科,儿科
普外科,外科
小儿外科,儿科
皮肤科,皮肤性病科
口腔科,五官科
儿科综合,儿科
血液科,内科
骨外科,外科
神经内科,内科
小儿外科,儿科
骨外科,外科
泌尿外科,外科
小儿内科,儿科
妇科,妇产科
骨外科,外科
儿科综合,儿科
骨外科,外科
儿科综合,儿科
骨外科,外科
妇科,妇产科
儿科综合,儿科
骨外科,外科
眼科,五官科
儿科综合,儿科
骨外科,外科
儿科综合,儿科
产科,妇产科
风湿免疫科,内科
普外科,外科
儿科综合,儿科
妇科,妇产科
心胸外科,外科
儿科综合,儿科
内分泌科,内科
眼科,五官科
儿科综合,儿科
内分泌科,内科
儿科综合,儿科
皮肤科,皮肤性病科
小儿外科,儿科
普外科,外科
儿科综合,儿科
骨外科,外科
泌尿外科,外科
儿科综合,儿科
泌尿外科,外科
儿科综合,儿科
骨外科,外科
血液科,内科
儿科综合,儿科
产科,妇产科
血液科,内科
小儿外科,儿科
消化内科,内科
妇科,妇产科
肿瘤外科,肿瘤科
心内科,内科
儿科综合,儿科
中医综合,中医科
肿瘤内科,肿瘤科
儿科综合,儿科
血液科,内科
妇科,妇产科
神经外科,外科
儿科综合,儿科
妇科,妇产科
神经外科,外科
儿科综合,儿科
妇科,妇产科
儿科综合,儿科
消化内科,内科
儿科综合,儿科
内分泌科,内科
儿科综合,儿科
眼科,五官科
儿科综合,儿科
泌尿外科,外科
心胸外科,外科
儿科综合,儿科
儿科综合,儿科
呼吸内科,内科
儿科综合,儿科
眼科,五官科
儿科综合,儿科
皮肤科,皮肤性病科
泌尿外科,外科
儿科综合,儿科
呼吸内科,内科
儿科综合,儿科
小儿内科,儿科
骨外科,外科
儿科综合,儿科
泌尿外科,外科
骨外科,外科
儿科综合,儿科
泌尿外科,外科
小儿外科,儿科
皮肤科,皮肤性病科
肿瘤外科,肿瘤科
中医综合,中医科
小儿内科,儿科
血液科,内科
儿科综合,儿科
妇科,妇产科
儿科综合,儿科
妇科,妇产科
神经内科,内科
神经内科,内科
皮肤科,皮肤性病科
小儿内科,儿科
眼科,五官科
性病科,皮肤性病科
儿科综合,儿科
普外科,外科
性病科,皮肤性病科
儿科综合,儿科
消化内科,内科
性病科,皮肤性病科
儿科综合,儿科
肿瘤外科,肿瘤科
小儿内科,儿科
风湿免疫科,内科
儿科综合,儿科
心胸外科,外科
心胸外科,外科
肝胆外科,外科
儿科综合,儿科
骨外科,外科
肝胆外科,外科
小儿内科,儿科
肝胆外科,外科
肿瘤内科,肿瘤科
消化内科,内科
眼科,五官科
小儿外科,儿科
消化内科,内科
心内科,内科
皮肤科,皮肤性病科
小儿内科,儿科
眼科,五官科
内分泌科,内科
小儿内科,儿科
儿科综合,儿科
消化内科,内科
眼科,五官科
心内科,内科
儿科综合,儿科
儿科综合,儿科
儿科综合,儿科
骨外科,外科
神经内科,内科
内分泌科,内科
小儿内科,儿科
肝胆外科,外科
血液科,内科
皮肤科,皮肤性病科
普外科,外科
血液科,内科
儿科综合,儿科
骨外科,外科
儿科综合,儿科
皮肤科,皮肤性病科
普外科,外科
眼科,五官科
肿瘤内科,肿瘤科
骨外科,外科
肿瘤外科,肿瘤科
神经内科,内科
神经内科,内科
风湿免疫科,内科
小儿外科,儿科
心内科,内科
消化内科,内科
肾内科,内科
内分泌科,内科
小儿内科,儿科
消化内科,内科
骨外科,外科
儿科综合,儿科
普外科,外科
儿科综合,儿科
儿科综合,儿科
骨外科,外科
儿科综合,儿科
儿科综合,儿科
心内科,内科
儿科综合,儿科
骨外科,外科
血液科,内科
儿科综合,儿科
儿科综合,儿科
风湿免疫科,内科
神经外科,外科
儿科综合,儿科
皮肤科,皮肤性病科
小儿内科,儿科
肿瘤外科,肿瘤科
儿科综合,儿科
眼科,五官科
皮肤科,皮肤性病科
儿科综合,儿科
皮肤科,皮肤性病科
消化内科,内科
肿瘤外科,肿瘤科
肿瘤内科,肿瘤科
耳鼻喉科,五官科
普外科,外科
儿科综合,儿科
儿科综合,儿科
儿科综合,儿科
心内科,内科
小儿外科,儿科
耳鼻喉科,五官科
心内科,内科
耳鼻喉科,五官科
心内科,内科
耳鼻喉科,五官科
心内科,内科
小儿内科,儿科
耳鼻喉科,五官科
血液科,内科
小儿内科,儿科
泌尿外科,外科
儿科综合,儿科
神经内科,内科
内分泌科,内科
儿科综合,儿科
儿科综合,儿科
肝胆外科,外科
皮肤科,皮肤性病科
小儿外科,儿科
皮肤科,皮肤性病科
耳鼻喉科,五官科
心内科,内科
骨外科,外科
儿科综合,儿科
普外科,外科
耳鼻喉科,五官科
儿科综合,儿科
骨外科,外科
耳鼻喉科,五官科
儿科综合,儿科
骨外科,外科
口腔科,五官科
肿瘤内科,肿瘤科
神经内科,内科
内分泌科,内科
儿科综合,儿科
皮肤科,皮肤性病科
耳鼻喉科,五官科
儿科综合,儿科
眼科,五官科
儿科综合,儿科
心胸外科,外科
小儿内科,儿科
皮肤科,皮肤性病科
心内科,内科
儿科综合,儿科
儿科综合,儿科
肾内科,内科
儿科综合,儿科
小儿外科,儿科
心内科,内科
皮肤科,皮肤性病科
小儿内科,儿科
小儿内科,儿科
风湿免疫科,内科
神经内科,内科
消化内科,内科
小儿内科,儿科
心内科,内科
小儿内科,儿科
骨外科,外科
小儿外科,儿科
中医综合,中医科
皮肤科,皮肤性病科
小儿外科,儿科
小儿内科,儿科
泌尿外科,外科
儿科综合,儿科
耳鼻喉科,五官科
小儿内科,儿科
神经内科,内科
耳鼻喉科,五官科
心内科,内科
心内科,内科
眼科,五官科
小儿内科,儿科
肿瘤内科,肿瘤科
小儿内科,儿科
神经内科,内科
肝胆外科,外科
小儿内科,儿科
骨外科,外科
耳鼻喉科,五官科
小儿内科,儿科
风湿免疫科,内科
骨外科,外科
风湿免疫科,内科
小儿内科,儿科
肝胆外科,外科
风湿免疫科,内科
儿科综合,儿科
耳鼻喉科,五官科
泌尿外科,外科
妇科,妇产科
神经外科,外科
消化内科,内科
普外科,外科
耳鼻喉科,五官科
儿科综合,儿科
肝胆外科,外科
心内科,内科
小儿外科,儿科
儿科综合,儿科
眼科,五官科
肿瘤内科,肿瘤科
小儿外科,儿科
皮肤科,皮肤性病科
耳鼻喉科,五官科
小儿外科,儿科
神经外科,外科
小儿内科,儿科
心内科,内科
肿瘤外科,肿瘤科
心胸外科,外科
肿瘤内科,肿瘤科
内分泌科,内科
肿瘤内科,肿瘤科
小儿内科,儿科
耳鼻喉科,五官科
小儿内科,儿科
眼科,五官科
泌尿外科,外科
儿科综合,儿科
儿科综合,儿科
内分泌科,内科
小儿内科,儿科
小儿内科,儿科
小儿外科,儿科
心内科,内科
儿科综合,儿科
皮肤科,皮肤性病科
儿科综合,儿科
小儿内科,儿科
神经内科,内科
儿科综合,儿科
心内科,内科
呼吸内科,内科
小儿内科,儿科
心内科,内科
肿瘤内科,肿瘤科
肿瘤外科,肿瘤科
骨外科,外科
儿科综合,儿科
肿瘤内科,肿瘤科
小儿内科,儿科
呼吸内科,内科
中医综合,中医科
儿科综合,儿科
心内科,内科
小儿内科,儿科
肿瘤内科,肿瘤科
眼科,五官科
儿科综合,儿科
神经外科,外科
小儿内科,儿科
皮肤科,皮肤性病科
眼科,五官科
儿科综合,儿科
骨外科,外科
皮肤科,皮肤性病科
小儿外科,儿科
眼科,五官科
儿科综合,儿科
骨外科,外科
儿科综合,儿科
神经内科,内科
肾内科,内科
普外科,外科
儿科综合,儿科
神经内科,内科
儿科综合,儿科
耳鼻喉科,五官科
儿科综合,儿科
眼科,五官科
皮肤科,皮肤性病科
儿科综合,儿科
血液科,内科
儿科综合,儿科
骨外科,外科
皮肤科,皮肤性病科
儿科综合,儿科
耳鼻喉科,五官科
肿瘤外科,肿瘤科
儿科综合,儿科
眼科,五官科
普外科,外科
骨外科,外科
肾内科,内科
儿科综合,儿科
耳鼻喉科,五官科
心胸外科,外科
儿科综合,儿科
心内科,内科
耳鼻喉科,五官科
儿科综合,儿科
心内科,内科
妇科,妇产科
儿科综合,儿科
心内科,内科
儿科综合,儿科
妇科,妇产科
小儿外科,儿科
神经外科,外科
小儿内科,儿科
神经内科,内科
心内科,内科
儿科综合,儿科
儿科综合,儿科
心内科,内科
儿科综合,儿科
神经内科,内科
儿科综合,儿科
心内科,内科
耳鼻喉科,五官科
儿科综合,儿科
内分泌科,内科
神经内科,内科
儿科综合,儿科
皮肤科,皮肤性病科
泌尿外科,外科
耳鼻喉科,五官科
康复科,其他科室
儿科综合,儿科
骨外科,外科
消化内科,内科
眼科,五官科
小儿内科,儿科
耳鼻喉科,五官科
心内科,内科
儿科综合,儿科
骨外科,外科
心内科,内科
儿科综合,儿科
神经内科,内科
消化内科,内科
普外科,外科
儿科综合,儿科
骨外科,外科
普外科,外科
心内科,内科
儿科综合,儿科
皮肤科,皮肤性病科
消化内科,内科
儿科综合,儿科
肿瘤外科,肿瘤科
耳鼻喉科,五官科
儿科综合,儿科
骨外科,外科
呼吸内科,内科
儿科综合,儿科
口腔科,五官科
眼科,五官科
儿科综合,儿科
儿科综合,儿科
骨外科,外科
小儿内科,儿科
骨外科,外科
泌尿外科,外科
小儿内科,儿科
耳鼻喉科,五官科
小儿内科,儿科
骨外科,外科
皮肤科,皮肤性病科
小儿内科,儿科
神经内科,内科
呼吸内科,内科
小儿内科,儿科
耳鼻喉科,五官科
小儿内科,儿科
骨外科,外科
肾内科,内科
小儿外科,儿科
呼吸内科,内科
心内科,内科
小儿内科,儿科
儿科综合,儿科
心内科,内科
耳鼻喉科,五官科
儿科综合,儿科
内分泌科,内科
小儿内科,儿科
血液科,内科
耳鼻喉科,五官科
呼吸内科,内科
骨外科,外科
呼吸内科,内科
小儿内科,儿科
心内科,内科
小儿内科,儿科
心胸外科,外科
儿科综合,儿科
耳鼻喉科,五官科
呼吸内科,内科
儿科综合,儿科
心胸外科,外科
肿瘤内科,肿瘤科
呼吸内科,内科
肿瘤外科,肿瘤科
耳鼻喉科,五官科
小儿外科,儿科
肝胆外科,外科
肿瘤外科,肿瘤科
呼吸内科,内科
肿瘤外科,肿瘤科
骨外科,外科
肿瘤内科,肿瘤科
肿瘤内科,肿瘤科
肿瘤内科,肿瘤科
神经内科,内科
小儿内科,儿科
呼吸内科,内科
神经内科,内科
眼科,五官科
心内科,内科
肿瘤外科,肿瘤科
儿科综合,儿科
呼吸内科,内科
耳鼻喉科,五官科
儿科综合,儿科
呼吸内科,内科
神经内科,内科
普外科,外科
皮肤科,皮肤性病科
呼吸内科,内科
普外科,外科
耳鼻喉科,五官科
心胸外科,外科
消化内科,内科
小儿内科,儿科
呼吸内科,内科
儿科综合,儿科
消化内科,内科
肿瘤外科,肿瘤科
肿瘤内科,肿瘤科
儿科综合,儿科
呼吸内科,内科
儿科综合,儿科
呼吸内科,内科
肾内科,内科
呼吸内科,内科
耳鼻喉科,五官科
呼吸内科,内科
儿科综合,儿科
泌尿外科,外科
神经内科,内科
儿科综合,儿科
呼吸内科,内科
泌尿外科,外科
肿瘤外科,肿瘤科
呼吸内科,内科
小儿内科,儿科
神经内科,内科
呼吸内科,内科
儿科综合,儿科
神经内科,内科
呼吸内科,内科
儿科综合,儿科
神经内科,内科
小儿内科,儿科
呼吸内科,内科
神经内科,内科
遗传病科,内科
儿科综合,儿科
血液科,内科
神经内科,内科
普外科,外科
小儿内科,儿科
神经内科,内科
小儿外科,儿科
神经内科,内科
儿科综合,儿科
神经内科,内科
小儿内科,儿科
儿科综合,儿科
呼吸内科,内科
心内科,内科
骨外科,外科
呼吸内科,内科
神经内科,内科
儿科综合,儿科
眼科,五官科
皮肤科,皮肤性病科
呼吸内科,内科
儿科综合,儿科
内分泌科,内科
肿瘤外科,肿瘤科
内分泌科,内科
小儿内科,儿科
骨外科,外科
呼吸内科,内科
骨外科,外科
儿科综合,儿科
呼吸内科,内科
消化内科,内科
肿瘤内科,肿瘤科
呼吸内科,内科
内分泌科,内科
儿科综合,儿科
口腔科,五官科
呼吸内科,内科
儿科综合,儿科
神经内科,内科
内分泌科,内科
风湿免疫科,内科
内分泌科,内科
小儿外科,儿科
消化内科,内科
皮肤科,皮肤性病科
内分泌科,内科
肿瘤内科,肿瘤科
肿瘤外科,肿瘤科
眼科,五官科
耳鼻喉科,五官科
血液科,内科
小儿外科,儿科
眼科,五官科
心内科,内科
肿瘤外科,肿瘤科
皮肤科,皮肤性病科
眼科,五官科
风湿免疫科,内科
眼科,五官科
儿科综合,儿科
心内科,内科
神经外科,外科
口腔科,五官科
皮肤科,皮肤性病科
小儿外科,儿科
皮肤科,皮肤性病科
肿瘤外科,肿瘤科
妇科,妇产科
眼科,五官科
肿瘤外科,肿瘤科
眼科,五官科
口腔科,五官科
儿科综合,儿科
骨外科,外科
肿瘤内科,肿瘤科
小儿外科,儿科
神经外科,外科
风湿免疫科,内科
感染科,外科
儿科综合,儿科
风湿免疫科,内科
肿瘤内科,肿瘤科
小儿内科,儿科
普外科,外科
心内科,内科
小儿内科,儿科
神经外科,外科
消化内科,内科
神经外科,外科
内分泌科,内科
小儿内科,儿科
口腔科,五官科
儿科综合,儿科
消化内科,内科
肿瘤内科,肿瘤科
妇科,妇产科
小儿外科,儿科
普外科,外科
风湿免疫科,内科
口腔科,五官科
妇科,妇产科
妇科,妇产科
神经内科,内科
呼吸内科,内科
泌尿外科,外科
皮肤科,皮肤性病科
肿瘤内科,肿瘤科
小儿外科,儿科
耳鼻喉科,五官科
风湿免疫科,内科
肛肠科,外科
儿科综合,儿科
骨外科,外科
肛肠科,外科
儿科综合,儿科
眼科,五官科
儿科综合,儿科
骨外科,外科
眼科,五官科
神经内科,内科
眼科,五官科
皮肤科,皮肤性病科
小儿内科,儿科
骨外科,外科
心胸外科,外科
消化内科,内科
骨外科,外科
神经内科,内科
儿科综合,儿科
骨外科,外科
骨外科,外科
儿科综合,儿科
皮肤科,皮肤性病科
骨外科,外科
皮肤科,皮肤性病科
小儿外科,儿科
骨外科,外科
神经外科,外科
儿科综合,儿科
神经内科,内科
骨外科,外科
小儿内科,儿科
皮肤科,皮肤性病科
神经内科,内科
骨外科,外科
儿科综合,儿科
耳鼻喉科,五官科
眼科,五官科
小儿内科,儿科
神经外科,外科
心内科,内科
儿科综合,儿科
骨外科,外科
眼科,五官科
眼科,五官科
普外科,外科
普外科,外科
肿瘤外科,肿瘤科
普外科,外科
普外科,外科
肿瘤内科,肿瘤科
肿瘤外科,肿瘤科
普外科,外科
普外科,外科
儿科综合,儿科
神经内科,内科
普外科,外科
普外科,外科
眼科,五官科
儿科综合,儿科
普外科,外科
普外科,外科
小儿内科,儿科
肿瘤外科,肿瘤科
耳鼻喉科,五官科
消化内科,内科
儿科综合,儿科
肿瘤外科,肿瘤科
皮肤科,皮肤性病科
普外科,外科
肿瘤外科,肿瘤科
眼科,五官科
普外科,外科
小儿外科,儿科
普外科,外科
皮肤科,皮肤性病科
儿科综合,儿科
普外科,外科
肿瘤外科,肿瘤科
眼科,五官科
小儿内科,儿科
消化内科,内科
肿瘤外科,肿瘤科
儿科综合,儿科
普外科,外科
普外科,外科
耳鼻喉科,五官科
儿科综合,儿科
普外科,外科
耳鼻喉科,五官科
肿瘤内科,肿瘤科
皮肤科,皮肤性病科
肿瘤内科,肿瘤科
心胸外科,外科
妇科,妇产科
儿科综合,儿科
普外科,外科
妇科,妇产科
口腔科,五官科
眼科,五官科
普外科,外科
小儿内科,儿科
妇科,妇产科
心内科,内科
眼科,五官科
儿科综合,儿科
妇科,妇产科
血液科,内科
内分泌科,内科
风湿免疫科,内科
肿瘤内科,肿瘤科
小儿内科,儿科
眼科,五官科
儿科综合,儿科
小儿内科,儿科
眼科,五官科
儿科综合,儿科
血液科,内科
产科,妇产科
儿科综合,儿科
心内科,内科
小儿内科,儿科
心内科,内科
小儿内科,儿科
小儿内科,儿科
小儿内科,儿科
儿科综合,儿科
呼吸内科,内科
儿科综合,儿科
小儿内科,儿科
肝胆外科,外科
肿瘤外科,肿瘤科
血液科,内科
儿科综合,儿科
眼科,五官科
消化内科,内科
肿瘤外科,肿瘤科
儿科综合,儿科
眼科,五官科
风湿免疫科,内科
儿科综合,儿科
神经内科,内科
眼科,五官科
小儿外科,儿科
儿科综合,儿科
耳鼻喉科,五官科
肿瘤内科,肿瘤科
儿科综合,儿科
耳鼻喉科,五官科
普外科,外科
耳鼻喉科,五官科
儿科综合,儿科
小儿外科,儿科
皮肤科,皮肤性病科
肿瘤外科,肿瘤科
耳鼻喉科,五官科
肿瘤外科,肿瘤科
儿科综合,儿科
耳鼻喉科,五官科
骨外科,外科
小儿外科,儿科
普外科,外科
眼科,五官科
儿科综合,儿科
耳鼻喉科,五官科
肿瘤内科,肿瘤科
中医综合,中医科
儿科综合,儿科
耳鼻喉科,五官科
消化内科,内科
耳鼻喉科,五官科
耳鼻喉科,五官科
血液科,内科
神经外科,外科
耳鼻喉科,五官科
儿科综合,儿科
神经内科,内科
儿科综合,儿科
消化内科,内科
儿科综合,儿科
肛肠科,外科
耳鼻喉科,五官科
小儿内科,儿科
肛肠科,外科
神经内科,内科
儿科综合,儿科
耳鼻喉科,五官科
肿瘤外科,肿瘤科
神经内科,内科
儿科综合,儿科
耳鼻喉科,五官科
肛肠科,外科
儿科综合,儿科
妇科,妇产科
小儿内科,儿科
口腔科,五官科
内分泌科,内科
耳鼻喉科,五官科
心内科,内科
耳鼻喉科,五官科
小儿内科,儿科
心内科,内科
耳鼻喉科,五官科
神经内科,内科
儿科综合,儿科
内分泌科,内科
口腔科,五官科
儿科综合,儿科
小儿内科,儿科
儿科综合,儿科
口腔科,五官科
内分泌科,内科
儿科综合,儿科
儿科综合,儿科
口腔科,五官科
肿瘤外科,肿瘤科
普外科,外科
肿瘤内科,肿瘤科
小儿外科,儿科
耳鼻喉科,五官科
内分泌科,内科
眼科,五官科
内分泌科,内科
儿科综合,儿科
神经内科,内科
眼科,五官科
小儿外科,儿科
儿科综合,儿科
口腔科,五官科
血液科,内科
肿瘤外科,肿瘤科
内分泌科,内科
肿瘤外科,肿瘤科
心内科,内科
神经内科,内科
儿科综合,儿科
内分泌科,内科
妇科,妇产科
皮肤科,皮肤性病科
小儿内科,儿科
内分泌科,内科
普外科,外科
小儿内科,儿科
内分泌科,内科
神经内科,内科
皮肤科,皮肤性病科
小儿内科,儿科
内分泌科,内科
儿科综合,儿科
内分泌科,内科
皮肤科,皮肤性病科
心内科,内科
皮肤科,皮肤性病科
小儿内科,儿科
皮肤科,皮肤性病科
小儿内科,儿科
消化内科,内科
皮肤科,皮肤性病科
肿瘤外科,肿瘤科
其他综合,其他科室
神经内科,内科
眼科,五官科
小儿内科,儿科
皮肤科,皮肤性病科
儿科综合,儿科
皮肤科,皮肤性病科
眼科,五官科
小儿外科,儿科
皮肤科,皮肤性病科
骨外科,外科
儿科综合,儿科
妇科,妇产科
骨外科,外科
神经内科,内科
骨外科,外科
皮肤科,皮肤性病科
肿瘤外科,肿瘤科
皮肤科,皮肤性病科
风湿免疫科,内科
肿瘤外科,肿瘤科
肿瘤外科,肿瘤科
皮肤科,皮肤性病科
儿科综合,儿科
呼吸内科,内科
肿瘤外科,肿瘤科
泌尿外科,外科
遗传病科,内科
妇科,妇产科
耳鼻喉科,五官科
小儿内科,儿科
皮肤科,皮肤性病科
神经内科,内科
皮肤科,皮肤性病科
儿科综合,儿科
皮肤科,皮肤性病科
皮肤科,皮肤性病科
呼吸内科,内科
儿科综合,儿科
肿瘤内科,肿瘤科
呼吸内科,内科
皮肤科,皮肤性病科
妇科,妇产科
儿科综合,儿科
皮肤科,皮肤性病科
普外科,外科
眼科,五官科
儿科综合,儿科
骨外科,外科
儿科综合,儿科
骨外科,外科
皮肤科,皮肤性病科
儿科综合,儿科
儿科综合,儿科
神经内科,内科
皮肤科,皮肤性病科
儿科综合,儿科
骨外科,外科
神经内科,内科
皮肤科,皮肤性病科
儿科综合,儿科
骨外科,外科
妇科,妇产科
神经内科,内科
皮肤科,皮肤性病科
儿科综合,儿科
皮肤科,皮肤性病科
小儿外科,儿科
骨外科,外科
皮肤科,皮肤性病科
儿科综合,儿科
耳鼻喉科,五官科
儿科综合,儿科
皮肤科,皮肤性病科
眼科,五官科
儿科综合,儿科
皮肤科,皮肤性病科
肾内科,内科
皮肤科,皮肤性病科
小儿内科,儿科
皮肤科,皮肤性病科
肿瘤外科,肿瘤科
眼科,五官科
小儿内科,儿科
皮肤科,皮肤性病科
肾内科,内科
肿瘤外科,肿瘤科
皮肤科,皮肤性病科
小儿内科,儿科
肿瘤外科,肿瘤科
肿瘤内科,肿瘤科
皮肤科,皮肤性病科
血液科,内科
儿科综合,儿科
其他综合,其他科室
肿瘤外科,肿瘤科
口腔科,五官科
小儿内科,儿科
肿瘤外科,肿瘤科
皮肤科,皮肤性病科
内分泌科,内科
妇科,妇产科
皮肤科,皮肤性病科
耳鼻喉科,五官科
儿科综合,儿科
小儿内科,儿科
心内科,内科
眼科,五官科
小儿外科,儿科
小儿内科,儿科
心内科,内科
小儿内科,儿科
小儿内科,儿科
小儿内科,儿科
妇科,妇产科
心内科,内科
耳鼻喉科,五官科
儿科综合,儿科
肿瘤外科,肿瘤科
神经内科,内科
小儿内科,儿科
小儿内科,儿科
皮肤科,皮肤性病科
儿科综合,儿科
神经外科,外科
肿瘤内科,肿瘤科
骨外科,外科
呼吸内科,内科
皮肤科,皮肤性病科
骨外科,外科
儿科综合,儿科
呼吸内科,内科
皮肤科,皮肤性病科
小儿内科,儿科
心胸外科,外科
儿科综合,儿科
骨外科,外科
耳鼻喉科,五官科
儿科综合,儿科
妇科,妇产科
血液科,内科
儿科综合,儿科
骨外科,外科
皮肤科,皮肤性病科
小儿内科,儿科
肿瘤外科,肿瘤科
儿科综合,儿科
皮肤科,皮肤性病科
儿科综合,儿科
眼科,五官科
心内科,内科
普外科,外科
风湿免疫科,内科
儿科综合,儿科
小儿内科,儿科
普外科,外科
血液科,内科
呼吸内科,内科
眼科,五官科
儿科综合,儿科
呼吸内科,内科
风湿免疫科,内科
内分泌科,内科
骨外科,外科
风湿免疫科,内科
妇科,妇产科
妇科,妇产科
皮肤科,皮肤性病科
小儿内科,儿科
呼吸内科,内科
肾内科,内科
呼吸内科,内科
消化内科,内科
消化内科,内科
儿科综合,儿科
呼吸内科,内科
消化内科,内科
耳鼻喉科,五官科
神经外科,外科
小儿外科,儿科
消化内科,内科
耳鼻喉科,五官科
儿科综合,儿科
消化内科,内科
皮肤科,皮肤性病科
妇科,妇产科
肾内科,内科
小儿外科,儿科
消化内科,内科
肾内科,内科
小儿外科,儿科
普外科,外科
血液科,内科
小儿外科,儿科
眼科,五官科
皮肤科,皮肤性病科
儿科综合,儿科
普外科,外科
骨外科,外科
风湿免疫科,内科
儿科综合,儿科
骨外科,外科
妇科,妇产科
眼科,五官科
眼科,五官科
小儿内科,儿科
儿科综合,儿科
皮肤科,皮肤性病科
消化内科,内科
儿科综合,儿科
肿瘤外科,肿瘤科
泌尿外科,外科
儿科综合,儿科
皮肤科,皮肤性病科
小儿内科,儿科
口腔科,五官科
皮肤科,皮肤性病科
肿瘤外科,肿瘤科
儿科综合,儿科
肿瘤外科,肿瘤科
儿科综合,儿科
泌尿外科,外科
眼科,五官科
儿科综合,儿科
妇科,妇产科
皮肤科,皮肤性病科
肿瘤内科,肿瘤科
心内科,内科
皮肤科,皮肤性病科
呼吸内科,内科
妇科,妇产科
皮肤科,皮肤性病科
儿科综合,儿科
妇科,妇产科
儿科综合,儿科
妇科,妇产科
小儿外科,儿科
内分泌科,内科
普外科,外科
骨外科,外科
小儿外科,儿科
眼科,五官科
皮肤科,皮肤性病科
血液科,内科
儿科综合,儿科
皮肤科,皮肤性病科
皮肤科,皮肤性病科
血液科,内科
消化内科,内科
小儿内科,儿科
皮肤科,皮肤性病科
风湿免疫科,内科
耳鼻喉科,五官科
神经内科,内科
皮肤科,皮肤性病科
妇科,妇产科
神经内科,内科
儿科综合,儿科
消化内科,内科
产科,妇产科
小儿内科,儿科
内分泌科,内科
整形美容科,外科
血液科,内科
呼吸内科,内科
心内科,内科
眼科,五官科
肾内科,内科
耳鼻喉科,五官科
眼科,五官科
小儿内科,儿科
皮肤科,皮肤性病科
血液科,内科
妇科,妇产科
皮肤科,皮肤性病科
儿科综合,儿科
普外科,外科
妇科,妇产科
眼科,五官科
小儿内科,儿科
眼科,五官科
眼科,五官科
眼科,五官科
普外科,外科
皮肤科,皮肤性病科
小儿内科,儿科
骨外科,外科
骨外科,外科
耳鼻喉科,五官科
皮肤科,皮肤性病科
消化内科,内科
小儿内科,儿科
口腔科,五官科
骨外科,外科
眼科,五官科
小儿内科,儿科
产科,妇产科
眼科,五官科
小儿内科,儿科
骨外科,外科
小儿内科,儿科
眼科,五官科
皮肤科,皮肤性病科
眼科,五官科
普外科,外科
血液科,内科
儿科综合,儿科
小儿内科,儿科
心胸外科,外科
心胸外科,外科
产科,妇产科
小儿内科,儿科
骨外科,外科
皮肤科,皮肤性病科
儿科综合,儿科
神经外科,外科
骨外科,外科
肿瘤外科,肿瘤科
消化内科,内科
心内科,内科
皮肤科,皮肤性病科
儿科综合,儿科
神经外科,外科
普外科,外科
眼科,五官科
肿瘤外科,肿瘤科
妇科,妇产科
泌尿外科,外科
泌尿外科,外科
眼科,五官科
儿科综合,儿科
皮肤科,皮肤性病科
皮肤科,皮肤性病科
儿科综合,儿科
皮肤科,皮肤性病科
儿科综合,儿科
心内科,内科
骨外科,外科
儿科综合,儿科
心胸外科,外科
骨外科,外科
儿科综合,儿科
肿瘤外科,肿瘤科
心胸外科,外科
骨外科,外科
儿科综合,儿科
骨外科,外科
神经外科,外科
血液科,内科
儿科综合,儿科
泌尿外科,外科
骨外科,外科
皮肤科,皮肤性病科
血液科,内科
儿科综合,儿科
骨外科,外科
皮肤科,皮肤性病科
心胸外科,外科
儿科综合,儿科
妇科,妇产科
儿科综合,儿科
骨外科,外科
皮肤科,皮肤性病科
儿科综合,儿科
肿瘤内科,肿瘤科
眼科,五官科
普外科,外科
儿科综合,儿科
皮肤科,皮肤性病科
皮肤科,皮肤性病科
眼科,五官科
儿科综合,儿科
心胸外科,外科
肾内科,内科
心胸外科,外科
儿科综合,儿科
妇科,妇产科
儿科综合,儿科
心胸外科,外科
皮肤科,皮肤性病科
皮肤科,皮肤性病科
儿科综合,儿科
烧伤科,外科
泌尿外科,外科
眼科,五官科
儿科综合,儿科
感染科,外科
口腔科,五官科
神经内科,内科
神经内科,内科
儿科综合,儿科
肿瘤外科,肿瘤科
儿科综合,儿科
消化内科,内科
血液科,内科
肛肠科,外科
皮肤科,皮肤性病科
产科,妇产科
儿科综合,儿科
血液科,内科
小儿内科,儿科
心内科,内科
肾内科,内科
肾内科,内科
神经外科,外科
儿科综合,儿科
肿瘤外科,肿瘤科
风湿免疫科,内科
小儿内科,儿科
皮肤科,皮肤性病科
神经外科,外科
消化内科,内科
皮肤科,皮肤性病科
儿科综合,儿科
内分泌科,内科
眼科,五官科
肿瘤外科,肿瘤科
儿科综合,儿科
眼科,五官科
内分泌科,内科
皮肤科,皮肤性病科
骨外科,外科
消化内科,内科
儿科综合,儿科
耳鼻喉科,五官科
小儿内科,儿科
骨外科,外科
心内科,内科
心内科,内科
骨外科,外科
眼科,五官科
神经内科,内科
小儿外科,儿科
皮肤科,皮肤性病科
小儿外科,儿科
肿瘤内科,肿瘤科
小儿内科,儿科
儿科综合,儿科
小儿外科,儿科
眼科,五官科
内分泌科,内科
儿科综合,儿科
产科,妇产科
眼科,五官科
骨外科,外科
小儿内科,儿科
心胸外科,外科
血液科,内科
神经内科,内科
儿科综合,儿科
小儿内科,儿科
肾内科,内科
消化内科,内科
儿科综合,儿科
呼吸内科,内科
骨外科,外科
内分泌科,内科
儿科综合,儿科
肿瘤外科,肿瘤科
神经内科,内科
小儿外科,儿科
普外科,外科
神经内科,内科
神经内科,内科
儿科综合,儿科
呼吸内科,内科
肛肠科,外科
耳鼻喉科,五官科
骨外科,外科
儿科综合,儿科
骨外科,外科
肾内科,内科
神经内科,内科
儿科综合,儿科
消化内科,内科
神经内科,内科
儿科综合,儿科
消化内科,内科
儿科综合,儿科
神经内科,内科
普外科,外科
儿科综合,儿科
消化内科,内科
皮肤科,皮肤性病科
皮肤科,皮肤性病科
小儿内科,儿科
妇科,妇产科
儿科综合,儿科
肝胆外科,外科
儿科综合,儿科
神经内科,内科
神经内科,内科
儿科综合,儿科
皮肤科,皮肤性病科
内分泌科,内科
血液科,内科
儿科综合,儿科
呼吸内科,内科
口腔科,五官科
儿科综合,儿科
神经内科,内科
小儿外科,儿科
骨外科,外科
骨外科,外科
小儿外科,儿科
普外科,外科
小儿外科,儿科
消化内科,内科
风湿免疫科,内科
小儿外科,儿科
骨外科,外科
神经外科,外科
儿科综合,儿科
内分泌科,内科
妇科,妇产科
小儿内科,儿科
眼科,五官科
普外科,外科
呼吸内科,内科
小儿外科,儿科
性病科,皮肤性病科
神经内科,内科
耳鼻喉科,五官科
骨外科,外科
小儿内科,儿科
妇科,妇产科
骨外科,外科
小儿外科,儿科
呼吸内科,内科
眼科,五官科
消化内科,内科
血液科,内科
皮肤科,皮肤性病科
妇科,妇产科
血液科,内科
儿科综合,儿科
血液科,内科
心内科,内科
肿瘤外科,肿瘤科
口腔科,五官科
小儿内科,儿科
骨外科,外科
心内科,内科
儿科综合,儿科
肾内科,内科
耳鼻喉科,五官科
血液科,内科
小儿内科,儿科
肝胆外科,外科
神经内科,内科
血液科,内科
儿科综合,儿科
神经内科,内科
消化内科,内科
儿科综合,儿科
皮肤科,皮肤性病科
风湿免疫科,内科
小儿外科,儿科
妇科,妇产科
眼科,五官科
心内科,内科
血液科,内科
肾内科,内科
骨外科,外科
儿科综合,儿科
眼科,五官科
心内科,内科
肿瘤内科,肿瘤科
儿科综合,儿科
眼科,五官科
骨外科,外科
儿科综合,儿科
皮肤科,皮肤性病科
血液科,内科
肛肠科,外科
普外科,外科
肿瘤外科,肿瘤科
儿科综合,儿科
妇科,妇产科
骨外科,外科
普外科,外科
小儿内科,儿科
消化内科,内科
小儿内科,儿科
小儿内科,儿科
血液科,内科
儿科综合,儿科
普外科,外科
皮肤科,皮肤性病科
呼吸内科,内科
小儿内科,儿科
神经外科,外科
小儿内科,儿科
神经外科,外科
普外科,外科
肿瘤外科,肿瘤科
呼吸内科,内科
小儿内科,儿科
神经内科,内科
小儿内科,儿科
泌尿内科,内科
小儿内科,儿科
皮肤科,皮肤性病科
神经外科,外科
妇科,妇产科
神经内科,内科
眼科,五官科
儿科综合,儿科
肿瘤内科,肿瘤科
神经内科,内科
普外科,外科
小儿内科,儿科
口腔科,五官科
神经内科,内科
小儿内科,儿科
小儿内科,儿科
骨外科,外科
神经内科,内科
小儿内科,儿科
皮肤科,皮肤性病科
妇科,妇产科
儿科综合,儿科
口腔科,五官科
骨外科,外科
神经外科,外科
小儿外科,儿科
骨外科,外科
消化内科,内科
神经外科,外科
小儿外科,儿科
神经外科,外科
小儿内科,儿科
骨外科,外科
妇科,妇产科
神经内科,内科
儿科综合,儿科
骨外科,外科
肿瘤内科,肿瘤科
神经外科,外科
骨外科,外科
血液科,内科
普外科,外科
儿科综合,儿科
骨外科,外科
内分泌科,内科
消化内科,内科
儿科综合,儿科
骨外科,外科
儿科综合,儿科
产科,妇产科
神经内科,内科
儿科综合,儿科
血液科,内科
肿瘤内科,肿瘤科
儿科综合,儿科
遗传病科,内科
骨外科,外科
血液科,内科
儿科综合,儿科
内分泌科,内科
肿瘤外科,肿瘤科
消化内科,内科
儿科综合,儿科
口腔科,五官科
肿瘤外科,肿瘤科
口腔科,五官科
肿瘤外科,肿瘤科
儿科综合,儿科
肿瘤外科,肿瘤科
骨外科,外科
肿瘤外科,肿瘤科
血液科,内科
耳鼻喉科,五官科
肿瘤外科,肿瘤科
儿科综合,儿科
妇科,妇产科
妇科,妇产科
儿科综合,儿科
内分泌科,内科
心胸外科,外科
肿瘤外科,肿瘤科
眼科,五官科
血液科,内科
呼吸内科,内科
小儿外科,儿科
普外科,外科
神经内科,内科
血液科,内科
神经内科,内科
儿科综合,儿科
耳鼻喉科,五官科
皮肤科,皮肤性病科
儿科综合,儿科
皮肤科,皮肤性病科
小儿内科,儿科
消化内科,内科
骨外科,外科
皮肤科,皮肤性病科
妇科,妇产科
肾内科,内科
血液科,内科
儿科综合,儿科
消化内科,内科
神经内科,内科
眼科,五官科
小儿内科,儿科
耳鼻喉科,五官科
心内科,内科
心胸外科,外科
心内科,内科
心内科,内科
肿瘤外科,肿瘤科
普外科,外科
儿科综合,儿科
肾内科,内科
眼科,五官科
儿科综合,儿科
风湿免疫科,内科
儿科综合,儿科
心内科,内科
产科,妇产科
肿瘤外科,肿瘤科
血液科,内科
皮肤科,皮肤性病科
产科,妇产科
皮肤科,皮肤性病科
心内科,内科
呼吸内科,内科
肿瘤外科,肿瘤科
神经内科,内科
内分泌科,内科
皮肤科,皮肤性病科
呼吸内科,内科
内分泌科,内科
整形美容科,外科
呼吸内科,内科
皮肤科,皮肤性病科
皮肤科,皮肤性病科
骨外科,外科
普外科,外科
普外科,外科
皮肤科,皮肤性病科
眼科,五官科
骨外科,外科
心内科,内科
骨外科,外科
皮肤科,皮肤性病科
心内科,内科
骨外科,外科
血液科,内科
耳鼻喉科,五官科
风湿免疫科,内科
皮肤科,皮肤性病科
内分泌科,内科
普外科,外科
骨外科,外科
皮肤科,皮肤性病科
消化内科,内科
皮肤科,皮肤性病科
皮肤科,皮肤性病科
神经外科,外科
皮肤科,皮肤性病科
血液科,内科
神经外科,外科
骨外科,外科
骨外科,外科
骨外科,外科
皮肤科,皮肤性病科
神经内科,内科
心内科,内科
骨外科,外科
妇科,妇产科
内分泌科,内科
普外科,外科
皮肤科,皮肤性病科
心内科,内科
产科,妇产科
普外科,外科
内分泌科,内科
肿瘤外科,肿瘤科
心内科,内科
内分泌科,内科
血液科,内科
口腔科,五官科
心内科,内科
神经内科,内科
内分泌科,内科
皮肤科,皮肤性病科
心内科,内科
神经内科,内科
心内科,内科
心内科,内科
内分泌科,内科
遗传病科,内科
消化内科,内科
内分泌科,内科
心内科,内科
心胸外科,外科
心内科,内科
血液科,内科
遗传病科,内科
消化内科,内科
心内科,内科
血液科,内科
心内科,内科
耳鼻喉科,五官科
神经内科,内科
心内科,内科
皮肤科,皮肤性病科
消化内科,内科
神经外科,外科
心胸外科,外科
心内科,内科
神经内科,内科
泌尿内科,内科
心内科,内科
骨外科,外科
普外科,外科
神经内科,内科
内分泌科,内科
妇科,妇产科
心内科,内科
皮肤科,皮肤性病科
普外科,外科
皮肤科,皮肤性病科
心内科,内科
骨外科,外科
肿瘤外科,肿瘤科
骨外科,外科
血液科,内科
骨外科,外科
骨外科,外科
皮肤科,皮肤性病科
皮肤科,皮肤性病科
儿科综合,儿科
其他综合,其他科室
儿科综合,儿科
骨外科,外科
骨外科,外科
心内科,内科
儿科综合,儿科
皮肤科,皮肤性病科
骨外科,外科
内分泌科,内科
康复科,其他科室
血液科,内科
骨外科,外科
呼吸内科,内科
血液科,内科
骨外科,外科
儿科综合,儿科
皮肤科,皮肤性病科
儿科综合,儿科
骨外科,外科
眼科,五官科
儿科综合,儿科
骨外科,外科
皮肤科,皮肤性病科
儿科综合,儿科
眼科,五官科
血液科,内科
眼科,五官科
儿科综合,儿科
皮肤科,皮肤性病科
肿瘤外科,肿瘤科
妇科,妇产科
内分泌科,内科
小儿内科,儿科
骨外科,外科
普外科,外科
神经内科,内科
泌尿外科,外科
儿科综合,儿科
眼科,五官科
神经内科,内科
儿科综合,儿科
神经外科,外科
儿科综合,儿科
泌尿外科,外科
心内科,内科
皮肤科,皮肤性病科
普外科,外科
儿科综合,儿科
产科,妇产科
肿瘤外科,肿瘤科
内分泌科,内科
小儿内科,儿科
风湿免疫科,内科
肿瘤外科,肿瘤科
骨外科,外科
儿科综合,儿科
皮肤科,皮肤性病科
儿科综合,儿科
呼吸内科,内科
骨外科,外科
皮肤科,皮肤性病科
小儿外科,儿科
普外科,外科
神经内科,内科
风湿免疫科,内科
小儿外科,儿科
骨外科,外科
小儿内科,儿科
内分泌科,内科
普外科,外科
耳鼻喉科,五官科
普外科,外科
普外科,外科
小儿内科,儿科
心胸外科,外科
皮肤科,皮肤性病科
消化内科,内科
小儿内科,儿科
神经内科,内科
呼吸内科,内科
普外科,外科
骨外科,外科
呼吸内科,内科
眼科,五官科
呼吸内科,内科
小儿内科,儿科
神经内科,内科
心胸外科,外科
泌尿内科,内科
眼科,五官科
小儿内科,儿科
呼吸内科,内科
血液科,内科
小儿外科,儿科
呼吸内科,内科
妇科,妇产科
小儿内科,儿科
妇科,妇产科
皮肤科,皮肤性病科
皮肤科,皮肤性病科
小儿外科,儿科
风湿免疫科,内科
小儿外科,儿科
皮肤科,皮肤性病科
骨外科,外科
小儿外科,儿科
皮肤科,皮肤性病科
皮肤科,皮肤性病科
眼科,五官科
妇科,妇产科
皮肤科,皮肤性病科
小儿内科,儿科
血液科,内科
皮肤科,皮肤性病科
小儿外科,儿科
妇科,妇产科
普外科,外科
儿科综合,儿科
妇科,妇产科
眼科,五官科
小儿内科,儿科
妇科,妇产科
眼科,五官科
妇科,妇产科
普外科,外科
神经内科,内科
小儿内科,儿科
肿瘤外科,肿瘤科
眼科,五官科
小儿内科,儿科
皮肤科,皮肤性病科
小儿内科,儿科
神经内科,内科
眼科,五官科
口腔科,五官科
小儿内科,儿科
中医综合,中医科
眼科,五官科
血液科,内科
皮肤科,皮肤性病科
骨外科,外科
眼科,五官科
皮肤科,皮肤性病科
消化内科,内科
眼科,五官科
神经内科,内科
妇科,妇产科
骨外科,外科
神经内科,内科
消化内科,内科
普外科,外科
消化内科,内科
血液科,内科
血液科,内科
血液科,内科
眼科,五官科
皮肤科,皮肤性病科
消化内科,内科
眼科,五官科
皮肤科,皮肤性病科
烧伤科,外科
神经外科,外科
心胸外科,外科
骨外科,外科
普外科,外科
皮肤科,皮肤性病科
眼科,五官科
肿瘤外科,肿瘤科
神经内科,内科
心胸外科,外科
神经内科,内科
眼科,五官科
心胸外科,外科
神经外科,外科
眼科,五官科
心胸外科,外科
神经外科,外科
眼科,五官科
心胸外科,外科
消化内科,内科
消化内科,内科
眼科,五官科
心胸外科,外科
呼吸内科,内科
泌尿外科,外科
皮肤科,皮肤性病科
心胸外科,外科
普外科,外科
皮肤科,皮肤性病科
心胸外科,外科
呼吸内科,内科
呼吸内科,内科
皮肤科,皮肤性病科
骨外科,外科
皮肤科,皮肤性病科
眼科,五官科
普外科,外科
心胸外科,外科
皮肤科,皮肤性病科
普外科,外科
肿瘤外科,肿瘤科
消化内科,内科
耳鼻喉科,五官科
普外科,外科
眼科,五官科
心胸外科,外科
消化内科,内科
普外科,外科
呼吸内科,内科
泌尿外科,外科
骨外科,外科
眼科,五官科
心胸外科,外科
心内科,内科
消化内科,内科
心内科,内科
消化内科,内科
眼科,五官科
心胸外科,外科
皮肤科,皮肤性病科
消化内科,内科
神经外科,外科
心内科,内科
心内科,内科
心胸外科,外科
普外科,外科
呼吸内科,内科
肿瘤外科,肿瘤科
心胸外科,外科
骨外科,外科
消化内科,内科
消化内科,内科
骨外科,外科
骨外科,外科
神经内科,内科
呼吸内科,内科
骨外科,外科
骨外科,外科
骨外科,外科
骨外科,外科
神经内科,内科
皮肤科,皮肤性病科
骨外科,外科
神经内科,内科
皮肤科,皮肤性病科
骨外科,外科
神经外科,外科
骨外科,外科
骨外科,外科
耳鼻喉科,五官科
骨外科,外科
呼吸内科,内科
神经内科,内科
肿瘤外科,肿瘤科
普外科,外科
骨外科,外科
呼吸内科,内科
呼吸内科,内科
皮肤科,皮肤性病科
骨外科,外科
骨外科,外科
肿瘤外科,肿瘤科
普外科,外科
普外科,外科
肿瘤外科,肿瘤科
神经内科,内科
普外科,外科
心内科,内科
普外科,外科
神经内科,内科
内分泌科,内科
眼科,五官科
神经内科,内科
内分泌科,内科
普外科,外科
神经内科,内科
神经外科,外科
肿瘤外科,肿瘤科
神经内科,内科
血液科,内科
神经内科,内科
眼科,五官科
妇科,妇产科
血液科,内科
神经内科,内科
肿瘤外科,肿瘤科
血液科,内科
皮肤科,皮肤性病科
皮肤科,皮肤性病科
妇科,妇产科
肾内科,内科
血液科,内科
其他综合,其他科室
风湿免疫科,内科
眼科,五官科
骨外科,外科
普外科,外科
皮肤科,皮肤性病科
产科,妇产科
消化内科,内科
血液科,内科
消化内科,内科
血液科,内科
血液科,内科
泌尿外科,外科
眼科,五官科
泌尿外科,外科
呼吸内科,内科
口腔科,五官科
血液科,内科
骨外科,外科
血液科,内科
皮肤科,皮肤性病科
消化内科,内科
肿瘤外科,肿瘤科
皮肤科,皮肤性病科
血液科,内科
眼科,五官科
肿瘤内科,肿瘤科
血液科,内科
耳鼻喉科,五官科
皮肤科,皮肤性病科
妇科,妇产科
耳鼻喉科,五官科
皮肤科,皮肤性病科
肿瘤外科,肿瘤科
妇科,妇产科
耳鼻喉科,五官科
普外科,外科
妇科,妇产科
皮肤科,皮肤性病科
妇科,妇产科
耳鼻喉科,五官科
肿瘤外科,肿瘤科
肿瘤内科,肿瘤科
妇科,妇产科
肿瘤内科,肿瘤科
消化内科,内科
内分泌科,内科
血液科,内科
呼吸内科,内科
神经内科,内科
妇科,妇产科
小儿外科,儿科
中医综合,中医科
妇科,妇产科
心胸外科,外科
耳鼻喉科,五官科
妇科,妇产科
妇科,妇产科
呼吸内科,内科
肿瘤外科,肿瘤科
风湿免疫科,内科
泌尿外科,外科
神经内科,内科
中医综合,中医科
小儿外科,儿科
妇科,妇产科
泌尿外科,外科
消化内科,内科
小儿内科,儿科
神经内科,内科
中医综合,中医科
骨外科,外科
心胸外科,外科
风湿免疫科,内科
眼科,五官科
肿瘤外科,肿瘤科
神经内科,内科
神经内科,内科
神经内科,内科
神经外科,外科
血液科,内科
眼科,五官科
内分泌科,内科
消化内科,内科
中医综合,中医科
骨外科,外科
内分泌科,内科
眼科,五官科
中医综合,中医科
骨外科,外科
内分泌科,内科
肛肠科,外科
骨外科,外科
神经内科,内科
呼吸内科,内科
血液科,内科
神经内科,内科
呼吸内科,内科
消化内科,内科
肿瘤外科,肿瘤科
妇科,妇产科
血液科,内科
呼吸内科,内科
消化内科,内科
眼科,五官科
骨外科,外科
神经内科,内科
神经内科,内科
皮肤科,皮肤性病科
中医综合,中医科
神经外科,外科
血液科,内科
内分泌科,内科
肝胆外科,外科
风湿免疫科,内科
肾内科,内科
风湿免疫科,内科
耳鼻喉科,五官科
内分泌科,内科
消化内科,内科
产科,妇产科
肾内科,内科
肿瘤外科,肿瘤科
风湿免疫科,内科
骨外科,外科
皮肤科,皮肤性病科
肛肠科,外科
风湿免疫科,内科
皮肤科,皮肤性病科
皮肤科,皮肤性病科
呼吸内科,内科
皮肤科,皮肤性病科
肿瘤内科,肿瘤科
肿瘤外科,肿瘤科
皮肤科,皮肤性病科
骨外科,外科
骨外科,外科
眼科,五官科
眼科,五官科
心胸外科,外科
呼吸内科,内科
普外科,外科
心内科,内科
普外科,外科
眼科,五官科
风湿免疫科,内科
普外科,外科
眼科,五官科
呼吸内科,内科
肿瘤外科,肿瘤科
皮肤科,皮肤性病科
眼科,五官科
肿瘤内科,肿瘤科
普外科,外科
呼吸内科,内科
眼科,五官科
妇科,妇产科
肿瘤外科,肿瘤科
呼吸内科,内科
眼科,五官科
妇科,妇产科
消化内科,内科
眼科,五官科
妇科,妇产科
妇科,妇产科
呼吸内科,内科
眼科,五官科
眼科,五官科
普外科,外科
儿科综合,儿科
神经内科,内科
皮肤科,皮肤性病科
肾内科,内科
内分泌科,内科
骨外科,外科
口腔科,五官科
神经内科,内科
骨外科,外科
消化内科,内科
泌尿外科,外科
眼科,五官科
消化内科,内科
皮肤科,皮肤性病科
眼科,五官科
骨外科,外科
心胸外科,外科
肿瘤外科,肿瘤科
肿瘤外科,肿瘤科
普外科,外科
眼科,五官科
口腔科,五官科
血液科,内科
眼科,五官科
血液科,内科
神经外科,外科
血液科,内科
肿瘤外科,肿瘤科
神经内科,内科
眼科,五官科
骨外科,外科
神经内科,内科
眼科,五官科
神经内科,内科
眼科,五官科
呼吸内科,内科
眼科,五官科
呼吸内科,内科
妇科,妇产科
眼科,五官科
眼科,五官科
神经外科,外科
普外科,外科
消化内科,内科
血液科,内科
血液科,内科
口腔科,五官科
神经内科,内科
普外科,外科
眼科,五官科
妇科,妇产科
皮肤科,皮肤性病科
眼科,五官科
肿瘤内科,肿瘤科
骨外科,外科
眼科,五官科
肿瘤外科,肿瘤科
妇科,妇产科
眼科,五官科
皮肤科,皮肤性病科
神经内科,内科
眼科,五官科
妇科,妇产科
神经内科,内科
眼科,五官科
眼科,五官科
普外科,外科
肿瘤外科,肿瘤科
肿瘤外科,肿瘤科
肾内科,内科
神经内科,内科
眼科,五官科
泌尿外科,外科
眼科,五官科
皮肤科,皮肤性病科
神经外科,外科
眼科,五官科
呼吸内科,内科
神经外科,外科
消化内科,内科
皮肤科,皮肤性病科
眼科,五官科
肿瘤内科,肿瘤科
眼科,五官科
风湿免疫科,内科
神经内科,内科
眼科,五官科
普外科,外科
神经外科,外科
肿瘤外科,肿瘤科
血液科,内科
妇科,妇产科
眼科,五官科
心内科,内科
血液科,内科
眼科,五官科
肿瘤外科,肿瘤科
血液科,内科
肾内科,内科
眼科,五官科
神经内科,内科
骨外科,外科
皮肤科,皮肤性病科
骨外科,外科
眼科,五官科
消化内科,内科
神经内科,内科
眼科,五官科
普外科,外科
神经内科,内科
眼科,五官科
皮肤科,皮肤性病科
血液科,内科
眼科,五官科
风湿免疫科,内科
中医综合,中医科
风湿免疫科,内科
神经内科,内科
眼科,五官科
血液科,内科
眼科,五官科
肿瘤外科,肿瘤科
肛肠科,外科
神经内科,内科
呼吸内科,内科
肿瘤外科,肿瘤科
呼吸内科,内科
骨外科,外科
血液科,内科
儿科综合,儿科
血液科,内科
眼科,五官科
肿瘤内科,肿瘤科
骨外科,外科
产科,妇产科
神经内科,内科
皮肤科,皮肤性病科
皮肤科,皮肤性病科
眼科,五官科
皮肤科,皮肤性病科
皮肤科,皮肤性病科
消化内科,内科
皮肤科,皮肤性病科
皮肤科,皮肤性病科
皮肤科,皮肤性病科
骨外科,外科
骨外科,外科
消化内科,内科
骨外科,外科
心内科,内科
皮肤科,皮肤性病科
皮肤科,皮肤性病科
肾内科,内科
心内科,内科
普外科,外科
皮肤科,皮肤性病科
骨外科,外科
皮肤科,皮肤性病科
皮肤科,皮肤性病科
骨外科,外科
骨外科,外科
皮肤科,皮肤性病科
骨外科,外科
皮肤科,皮肤性病科
眼科,五官科
血液科,内科
肝胆外科,外科
普外科,外科
血液科,内科
普外科,外科
普外科,外科
泌尿外科,外科
眼科,五官科
神经外科,外科
普外科,外科
风湿免疫科,内科
皮肤科,皮肤性病科
血液科,内科
呼吸内科,内科
感染科,外科
妇科,妇产科
血液科,内科
心内科,内科
皮肤科,皮肤性病科
泌尿外科,外科
妇科,妇产科
皮肤科,皮肤性病科
皮肤科,皮肤性病科
呼吸内科,内科
心内科,内科
肾内科,内科
普外科,外科
皮肤科,皮肤性病科
心内科,内科
神经内科,内科
肝胆外科,外科
皮肤科,皮肤性病科
血液科,内科
心胸外科,外科
皮肤科,皮肤性病科
消化内科,内科
皮肤科,皮肤性病科
心胸外科,外科
皮肤科,皮肤性病科
风湿免疫科,内科
心内科,内科
皮肤科,皮肤性病科
呼吸内科,内科
眼科,五官科
消化内科,内科
肝胆外科,外科
中医综合,中医科
普外科,外科
内分泌科,内科
普外科,外科
消化内科,内科
口腔科,五官科
普外科,外科
消化内科,内科
消化内科,内科
血液科,内科
呼吸内科,内科
普外科,外科
消化内科,内科
普外科,外科
内分泌科,内科
神经内科,内科
消化内科,内科
骨外科,外科
消化内科,内科
血液科,内科
肝胆外科,外科
肝胆外科,外科
消化内科,内科
心内科,内科
消化内科,内科
中医综合,中医科
消化内科,内科
骨外科,外科
骨外科,外科
消化内科,内科
血液科,内科
心内科,内科
血液科,内科
中医综合,中医科
血液科,内科
消化内科,内科
皮肤科,皮肤性病科
普外科,外科
血液科,内科
眼科,五官科
骨外科,外科
内分泌科,内科
皮肤科,皮肤性病科
妇科,妇产科
内分泌科,内科
神经内科,内科
肾内科,内科
心内科,内科
肿瘤外科,肿瘤科
神经内科,内科
普外科,外科
心内科,内科
皮肤科,皮肤性病科
耳鼻喉科,五官科
血液科,内科
眼科,五官科
妇科,妇产科
小儿内科,儿科
眼科,五官科
血液科,内科
内分泌科,内科
肿瘤内科,肿瘤科
皮肤科,皮肤性病科
神经内科,内科
耳鼻喉科,五官科
骨外科,外科
肿瘤内科,肿瘤科
风湿免疫科,内科
内分泌科,内科
骨外科,外科
血液科,内科
心内科,内科
肿瘤内科,肿瘤科
内分泌科,内科
血液科,内科
风湿免疫科,内科
皮肤科,皮肤性病科
肿瘤内科,肿瘤科
耳鼻喉科,五官科
皮肤科,皮肤性病科
血液科,内科
骨外科,外科
耳鼻喉科,五官科
血液科,内科
口腔科,五官科
血液科,内科
呼吸内科,内科
血液科,内科
消化内科,内科
血液科,内科
皮肤科,皮肤性病科
血液科,内科
肿瘤外科,肿瘤科
呼吸内科,内科
小儿内科,儿科
血液科,内科
心内科,内科
血液科,内科
呼吸内科,内科
儿科综合,儿科
心内科,内科
血液科,内科
神经外科,外科
神经内科,内科
消化内科,内科
小儿内科,儿科
呼吸内科,内科
血液科,内科
小儿内科,儿科
呼吸内科,内科
小儿外科,儿科
呼吸内科,内科
血液科,内科
骨外科,外科
皮肤科,皮肤性病科
心内科,内科
血液科,内科
泌尿内科,内科
皮肤科,皮肤性病科
心胸外科,外科
内分泌科,内科
肿瘤外科,肿瘤科
心内科,内科
普外科,外科
神经内科,内科
心内科,内科
内分泌科,内科
其他综合,其他科室
肿瘤外科,肿瘤科
皮肤科,皮肤性病科
泌尿外科,外科
耳鼻喉科,五官科
骨外科,外科
儿科综合,儿科
神经内科,内科
心内科,内科
消化内科,内科
骨外科,外科
眼科,五官科
心内科,内科
普外科,外科
肿瘤内科,肿瘤科
眼科,五官科
普外科,外科
眼科,五官科
眼科,五官科
血液科,内科
神经内科,内科
内分泌科,内科
眼科,五官科
骨外科,外科
消化内科,内科
眼科,五官科
骨外科,外科
心胸外科,外科
皮肤科,皮肤性病科
呼吸内科,内科
眼科,五官科
骨外科,外科
皮肤科,皮肤性病科
心内科,内科
妇科,妇产科
小儿内科,儿科
心内科,内科
皮肤科,皮肤性病科
妇科,妇产科
性病科,皮肤性病科
心内科,内科
肿瘤外科,肿瘤科
呼吸内科,内科
内分泌科,内科
血液科,内科
泌尿外科,外科
口腔科,五官科
风湿免疫科,内科
神经外科,外科
肿瘤外科,肿瘤科
普外科,外科
血液科,内科
口腔科,五官科
妇科,妇产科
妇科,妇产科
神经内科,内科
皮肤科,皮肤性病科
妇科,妇产科
呼吸内科,内科
骨外科,外科
妇科,妇产科
内分泌科,内科
眼科,五官科
肿瘤外科,肿瘤科
性病科,皮肤性病科
肝胆外科,外科
妇科,妇产科
肿瘤内科,肿瘤科
血液科,内科
皮肤科,皮肤性病科
妇科,妇产科
妇科,妇产科
呼吸内科,内科
心内科,内科
妇科,妇产科
呼吸内科,内科
泌尿内科,内科
消化内科,内科
泌尿外科,外科
妇科,妇产科
血液科,内科
消化内科,内科
妇科,妇产科
眼科,五官科
骨外科,外科
妇科,妇产科
眼科,五官科
心胸外科,外科
普外科,外科
妇科,妇产科
肿瘤内科,肿瘤科
普外科,外科
肝胆外科,外科
皮肤科,皮肤性病科
肾内科,内科
肛肠科,外科
妇科,妇产科
肿瘤外科,肿瘤科
血液科,内科
中医综合,中医科
血液科,内科
肿瘤外科,肿瘤科
肾内科,内科
骨外科,外科
呼吸内科,内科
小儿内科,儿科
普外科,外科
消化内科,内科
儿科综合,儿科
血液科,内科
骨外科,外科
神经外科,外科
呼吸内科,内科
肾内科,内科
风湿免疫科,内科
肝胆外科,外科
泌尿外科,外科
肿瘤内科,肿瘤科
肿瘤外科,肿瘤科
神经内科,内科
皮肤科,皮肤性病科
肿瘤内科,肿瘤科
小儿内科,儿科
神经内科,内科
呼吸内科,内科
心内科,内科
皮肤科,皮肤性病科
神经内科,内科
皮肤科,皮肤性病科
肿瘤内科,肿瘤科
皮肤科,皮肤性病科
心内科,内科
血液科,内科
妇科,妇产科
心内科,内科
肿瘤外科,肿瘤科
普外科,外科
皮肤科,皮肤性病科
肾内科,内科
内分泌科,内科
耳鼻喉科,五官科
肿瘤外科,肿瘤科
骨外科,外科
呼吸内科,内科
肾内科,内科
内分泌科,内科
皮肤科,皮肤性病科
皮肤科,皮肤性病科
普外科,外科
神经内科,内科
骨外科,外科
心内科,内科
呼吸内科,内科
小儿内科,儿科
心内科,内科
消化内科,内科
眼科,五官科
小儿内科,儿科
肿瘤外科,肿瘤科
肿瘤外科,肿瘤科
泌尿外科,外科
消化内科,内科
神经内科,内科
儿科综合,儿科
呼吸内科,内科
神经外科,外科
骨外科,外科
神经内科,内科
皮肤科,皮肤性病科
皮肤科,皮肤性病科
心内科,内科
耳鼻喉科,五官科
肾内科,内科
血液科,内科
普外科,外科
骨外科,外科
骨外科,外科
心内科,内科
肛肠科,外科
口腔科,五官科
风湿免疫科,内科
小儿内科,儿科
肛肠科,外科
呼吸内科,内科
妇科,妇产科
口腔科,五官科
眼科,五官科
肿瘤外科,肿瘤科
血液科,内科
耳鼻喉科,五官科
骨外科,外科
血液科,内科
骨外科,外科
血液科,内科
皮肤科,皮肤性病科
呼吸内科,内科
其他综合,其他科室
肾内科,内科
普外科,外科
肾内科,内科
消化内科,内科
消化内科,内科
神经内科,内科
呼吸内科,内科
内分泌科,内科
泌尿内科,内科
皮肤科,皮肤性病科
心内科,内科
血液科,内科
泌尿外科,外科
骨外科,外科
普外科,外科
心内科,内科
泌尿外科,外科
骨外科,外科
肛肠科,外科
眼科,五官科
皮肤科,皮肤性病科
血液科,内科
眼科,五官科
神经外科,外科
心内科,内科
骨外科,外科
神经外科,外科
神经外科,外科
骨外科,外科
感染科,外科
神经外科,外科
骨外科,外科
心内科,内科
心内科,内科
神经外科,外科
皮肤科,皮肤性病科
心内科,内科
骨外科,外科
风湿免疫科,内科
呼吸内科,内科
肿瘤外科,肿瘤科
消化内科,内科
皮肤科,皮肤性病科
骨外科,外科
血液科,内科
呼吸内科,内科
皮肤科,皮肤性病科
呼吸内科,内科
神经内科,内科
心内科,内科
皮肤科,皮肤性病科
皮肤科,皮肤性病科
皮肤科,皮肤性病科
眼科,五官科
普外科,外科
内分泌科,内科
普外科,外科
耳鼻喉科,五官科
呼吸内科,内科
小儿外科,儿科
皮肤科,皮肤性病科
小儿内科,儿科
消化内科,内科
普外科,外科
泌尿外科,外科
普外科,外科
风湿免疫科,内科
神经内科,内科
皮肤科,皮肤性病科
心内科,内科
心内科,内科
肛肠科,外科
泌尿外科,外科
产科,妇产科
内分泌科,内科
泌尿外科,外科
呼吸内科,内科
心内科,内科
心内科,内科
肿瘤内科,肿瘤科
血液科,内科
血液科,内科
心胸外科,外科
心内科,内科
消化内科,内科
皮肤科,皮肤性病科
普外科,外科
心内科,内科
产科,妇产科
皮肤科,皮肤性病科
儿科综合,儿科
血液科,内科
小儿外科,儿科
眼科,五官科
心内科,内科
皮肤科,皮肤性病科
普外科,外科
肿瘤外科,肿瘤科
血液科,内科
肿瘤内科,肿瘤科
普外科,外科
眼科,五官科
心内科,内科
内分泌科,内科
风湿免疫科,内科
血液科,内科
骨外科,外科
消化内科,内科
妇科,妇产科
皮肤科,皮肤性病科
神经内科,内科
性病科,皮肤性病科
骨外科,外科
儿科综合,儿科
肿瘤外科,肿瘤科
儿科综合,儿科
心内科,内科
肿瘤外科,肿瘤科
肿瘤外科,肿瘤科
肾内科,内科
消化内科,内科
神经内科,内科
风湿免疫科,内科
呼吸内科,内科
肾内科,内科
神经外科,外科
血液科,内科
心内科,内科
肿瘤内科,肿瘤科
普外科,外科
血液科,内科
肿瘤外科,肿瘤科
皮肤科,皮肤性病科
消化内科,内科
风湿免疫科,内科
肿瘤外科,肿瘤科
心内科,内科
口腔科,五官科
神经内科,内科
肿瘤外科,肿瘤科
心内科,内科
口腔科,五官科
骨外科,外科
血液科,内科
肿瘤内科,肿瘤科
呼吸内科,内科
肾内科,内科
神经外科,外科
普外科,外科
普外科,外科
神经内科,内科
普外科,外科
内分泌科,内科
心内科,内科
呼吸内科,内科
血液科,内科
内分泌科,内科
普外科,外科
血液科,内科
肾内科,内科
呼吸内科,内科
血液科,内科
康复科,其他科室
内分泌科,内科
减肥,其他科室
眼科,五官科
心内科,内科
皮肤科,皮肤性病科
肿瘤外科,肿瘤科
内分泌科,内科
血液科,内科
血液科,内科
性病科,皮肤性病科
泌尿外科,外科
妇科,妇产科
消化内科,内科
眼科,五官科
血液科,内科
骨外科,外科
肿瘤外科,肿瘤科
呼吸内科,内科
骨外科,外科
血液科,内科
内分泌科,内科
肿瘤外科,肿瘤科
口腔科,五官科
眼科,五官科
皮肤科,皮肤性病科
消化内科,内科
肿瘤外科,肿瘤科
骨外科,外科
消化内科,内科
肿瘤外科,肿瘤科
皮肤科,皮肤性病科
普外科,外科
肿瘤外科,肿瘤科
内分泌科,内科
骨外科,外科
消化内科,内科
肿瘤外科,肿瘤科
泌尿外科,外科
骨外科,外科
心内科,内科
普外科,外科
内分泌科,内科
普外科,外科
心内科,内科
肿瘤内科,肿瘤科
呼吸内科,内科
消化内科,内科
骨外科,外科
呼吸内科,内科
妇科,妇产科
骨外科,外科
神经内科,内科
呼吸内科,内科
内分泌科,内科
骨外科,外科
心胸外科,外科
血液科,内科
普外科,外科
普外科,外科
消化内科,内科
皮肤科,皮肤性病科
骨外科,外科
心内科,内科
骨外科,外科
心内科,内科
消化内科,内科
心胸外科,外科
消化内科,内科
心内科,内科
皮肤科,皮肤性病科
肿瘤外科,肿瘤科
心内科,内科
眼科,五官科
康复科,其他科室
肿瘤外科,肿瘤科
心内科,内科
肾内科,内科
皮肤科,皮肤性病科
眼科,五官科
心内科,内科
肿瘤外科,肿瘤科
呼吸内科,内科
肿瘤外科,肿瘤科
心内科,内科
皮肤科,皮肤性病科
骨外科,外科
产科,妇产科
心内科,内科
神经内科,内科
眼科,五官科
心内科,内科
肿瘤外科,肿瘤科
心内科,内科
儿科综合,儿科
内分泌科,内科
呼吸内科,内科
肾内科,内科
眼科,五官科
耳鼻喉科,五官科
心内科,内科
眼科,五官科
血液科,内科
血液科,内科
骨外科,外科
眼科,五官科
消化内科,内科
眼科,五官科
呼吸内科,内科
眼科,五官科
肿瘤外科,肿瘤科
呼吸内科,内科
皮肤科,皮肤性病科
消化内科,内科
普外科,外科
皮肤科,皮肤性病科
皮肤科,皮肤性病科
神经内科,内科
神经内科,内科
消化内科,内科
骨外科,外科
呼吸内科,内科
眼科,五官科
皮肤科,皮肤性病科
呼吸内科,内科
肿瘤外科,肿瘤科
肿瘤内科,肿瘤科
皮肤科,皮肤性病科
骨外科,外科
感染科,外科
心内科,内科
呼吸内科,内科
心内科,内科
呼吸内科,内科
肿瘤外科,肿瘤科
肿瘤外科,肿瘤科
骨外科,外科
呼吸内科,内科
肾内科,内科
消化内科,内科
皮肤科,皮肤性病科
血液科,内科
皮肤科,皮肤性病科
神经内科,内科
骨外科,外科
心内科,内科
血液科,内科
呼吸内科,内科
神经外科,外科
骨外科,外科
神经内科,内科
眼科,五官科
泌尿外科,外科
血液科,内科
心胸外科,外科
风湿免疫科,内科
血液科,内科
心胸外科,外科
神经外科,外科
心内科,内科
呼吸内科,内科
心胸外科,外科
神经外科,外科
内分泌科,内科
心胸外科,外科
心内科,内科
呼吸内科,内科
皮肤科,皮肤性病科
呼吸内科,内科
神经内科,内科
内分泌科,内科
呼吸内科,内科
眼科,五官科
肿瘤外科,肿瘤科
肿瘤外科,肿瘤科
内分泌科,内科
呼吸内科,内科
呼吸内科,内科
肿瘤外科,肿瘤科
消化内科,内科
神经内科,内科
皮肤科,皮肤性病科
普外科,外科
心内科,内科
血液科,内科
皮肤科,皮肤性病科
心胸外科,外科
心内科,内科
呼吸内科,内科
心胸外科,外科
肾内科,内科
皮肤科,皮肤性病科
心内科,内科
神经内科,内科
其他综合,其他科室
心胸外科,外科
皮肤科,皮肤性病科
骨外科,外科
心内科,内科
皮肤科,皮肤性病科
肾内科,内科
心内科,内科
骨外科,外科
皮肤科,皮肤性病科
眼科,五官科
心内科,内科
血液科,内科
内分泌科,内科
神经内科,内科
神经内科,内科
心内科,内科
神经外科,外科
神经内科,内科
肛肠科,外科
皮肤科,皮肤性病科
其他综合,其他科室
眼科,五官科
妇科,妇产科
皮肤科,皮肤性病科
血液科,内科
心胸外科,外科
神经内科,内科
普外科,外科
皮肤科,皮肤性病科
神经内科,内科
皮肤科,皮肤性病科
血液科,内科
肿瘤外科,肿瘤科
神经内科,内科
神经外科,外科
皮肤科,皮肤性病科
血液科,内科
眼科,五官科
心内科,内科
呼吸内科,内科
小儿内科,儿科
皮肤科,皮肤性病科
眼科,五官科
小儿内科,儿科
血液科,内科
小儿内科,儿科
心内科,内科
儿科综合,儿科
内分泌科,内科
呼吸内科,内科
呼吸内科,内科
眼科,五官科
骨外科,外科
皮肤科,皮肤性病科
眼科,五官科
骨外科,外科
心内科,内科
血液科,内科
眼科,五官科
眼科,五官科
眼科,五官科
眼科,五官科
呼吸内科,内科
眼科,五官科
眼科,五官科
皮肤科,皮肤性病科
心内科,内科
呼吸内科,内科
皮肤科,皮肤性病科
肿瘤外科,肿瘤科
内分泌科,内科
皮肤科,皮肤性病科
心胸外科,外科
皮肤科,皮肤性病科
呼吸内科,内科
心内科,内科
肿瘤外科,肿瘤科
内分泌科,内科
心内科,内科
骨外科,外科
血液科,内科
神经外科,外科
血液科,内科
普外科,外科
皮肤科,皮肤性病科
骨外科,外科
肿瘤外科,肿瘤科
血液科,内科
产科,妇产科
骨外科,外科
骨外科,外科
心内科,内科
皮肤科,皮肤性病科
骨外科,外科
皮肤科,皮肤性病科
肾内科,内科
骨外科,外科
血液科,内科
骨外科,外科
血液科,内科
皮肤科,皮肤性病科
心内科,内科
皮肤科,皮肤性病科
小儿外科,儿科
妇科,妇产科
心内科,内科
小儿外科,儿科
妇科,妇产科
血液科,内科
肿瘤外科,肿瘤科
肿瘤外科,肿瘤科
妇科,妇产科
眼科,五官科
神经内科,内科
血液科,内科
普外科,外科
心内科,内科
心内科,内科
妇科,妇产科
神经内科,内科
妇科,妇产科
口腔科,五官科
皮肤科,皮肤性病科
妇科,妇产科
消化内科,内科
骨外科,外科
消化内科,内科
眼科,五官科
妇科,妇产科
皮肤科,皮肤性病科
妇科,妇产科
皮肤科,皮肤性病科
呼吸内科,内科
心内科,内科
肿瘤内科,肿瘤科
神经内科,内科
神经外科,外科
普外科,外科
普外科,外科
心胸外科,外科
消化内科,内科
心内科,内科
普外科,外科
眼科,五官科
产科,妇产科
骨外科,外科
肾内科,内科
血液科,内科
呼吸内科,内科
消化内科,内科
内分泌科,内科
感染科,外科
消化内科,内科
消化内科,内科
肝胆外科,外科
神经内科,内科
肿瘤外科,肿瘤科
皮肤科,皮肤性病科
皮肤科,皮肤性病科
消化内科,内科
消化内科,内科
康复科,其他科室
心胸外科,外科
肿瘤外科,肿瘤科
肿瘤外科,肿瘤科
骨外科,外科
神经外科,外科
肿瘤外科,肿瘤科
神经外科,外科
血液科,内科
心胸外科,外科
神经外科,外科
心胸外科,外科
皮肤科,皮肤性病科
神经外科,外科
肿瘤外科,肿瘤科
妇科,妇产科
心胸外科,外科
神经外科,外科
肿瘤外科,肿瘤科
心胸外科,外科
神经外科,外科
皮肤科,皮肤性病科
肿瘤外科,肿瘤科
神经外科,外科
心胸外科,外科
肿瘤外科,肿瘤科
神经外科,外科
皮肤科,皮肤性病科
心胸外科,外科
神经外科,外科
皮肤科,皮肤性病科
肿瘤内科,肿瘤科
普外科,外科
皮肤科,皮肤性病科
血液科,内科
神经外科,外科
皮肤科,皮肤性病科
神经内科,内科
骨外科,外科
风湿免疫科,内科
神经外科,外科
肿瘤外科,肿瘤科
消化内科,内科
肿瘤外科,肿瘤科
心内科,内科
神经内科,内科
神经外科,外科
心内科,内科
消化内科,内科
神经外科,外科
皮肤科,皮肤性病科
呼吸内科,内科
消化内科,内科
骨外科,外科
妇科,妇产科
心内科,内科
妇科,妇产科
肿瘤外科,肿瘤科
内分泌科,内科
妇科,妇产科
心内科,内科
妇科,妇产科
康复科,其他科室
妇科,妇产科
骨外科,外科
风湿免疫科,内科
妇科,妇产科
骨外科,外科
皮肤科,皮肤性病科
妇科,妇产科
消化内科,内科
内分泌科,内科
消化内科,内科
妇科,妇产科
血液科,内科
妇科,妇产科
妇科,妇产科
妇科,妇产科
肿瘤内科,肿瘤科
妇科,妇产科
皮肤科,皮肤性病科
妇科,妇产科
妇科,妇产科
妇科,妇产科
神经内科,内科
消化内科,内科
妇科,妇产科
心胸外科,外科
骨外科,外科
妇科,妇产科
皮肤科,皮肤性病科
中医综合,中医科
内分泌科,内科
产科,妇产科
眼科,五官科
妇科,妇产科
中医综合,中医科
消化内科,内科
妇科,妇产科
中医综合,中医科
普外科,外科
妇科,妇产科
骨外科,外科
妇科,妇产科
普外科,外科
妇科,妇产科
肿瘤外科,肿瘤科
妇科,妇产科
泌尿外科,外科
妇科,妇产科
消化内科,内科
眼科,五官科
妇科,妇产科
消化内科,内科
儿科综合,儿科
肿瘤外科,肿瘤科
普外科,外科
消化内科,内科
消化内科,内科
妇科,妇产科
皮肤科,皮肤性病科
呼吸内科,内科
妇科,妇产科
中医综合,中医科
眼科,五官科
耳鼻喉科,五官科
妇科,妇产科
妇科,妇产科
内分泌科,内科
耳鼻喉科,五官科
妇科,妇产科
耳鼻喉科,五官科
呼吸内科,内科
妇科,妇产科
皮肤科,皮肤性病科
血液科,内科
消化内科,内科
中医综合,中医科
心内科,内科
眼科,五官科
皮肤科,皮肤性病科
皮肤科,皮肤性病科
骨外科,外科
血液科,内科
骨外科,外科
妇科,妇产科
眼科,五官科
小儿内科,儿科
产科,妇产科
肾内科,内科
儿科综合,儿科
产科,妇产科
妇科,妇产科
妇科,妇产科
妇科,妇产科
儿科综合,儿科
妇科,妇产科
皮肤科,皮肤性病科
妇科,妇产科
妇科,妇产科
心胸外科,外科
产科,妇产科
儿科综合,儿科
妇科,妇产科
妇科,妇产科
妇科,妇产科
妇科,妇产科
肿瘤内科,肿瘤科
心内科,内科
中医综合,中医科
神经内科,内科
消化内科,内科
中医综合,中医科
骨外科,外科
神经内科,内科
中医综合,中医科
心内科,内科
神经内科,内科
中医综合,中医科
眼科,五官科
皮肤科,皮肤性病科
普外科,外科
血液科,内科
中医综合,中医科
心内科,内科
神经内科,内科
皮肤科,皮肤性病科
中医综合,中医科
神经外科,外科
消化内科,内科
中医综合,中医科
眼科,五官科
普外科,外科
眼科,五官科
中医综合,中医科
内分泌科,内科
中医综合,中医科
眼科,五官科
心内科,内科
中医综合,中医科
眼科,五官科
眼科,五官科
眼科,五官科
血液科,内科
眼科,五官科
中医综合,中医科
神经外科,外科
皮肤科,皮肤性病科
中医综合,中医科
皮肤科,皮肤性病科
中医综合,中医科
神经外科,外科
中医综合,中医科
眼科,五官科
普外科,外科
中医综合,中医科
骨外科,外科
中医综合,中医科
骨外科,外科
呼吸内科,内科
中医综合,中医科
血液科,内科
小儿内科,儿科
中医综合,中医科
小儿内科,儿科
中医综合,中医科
眼科,五官科
神经内科,内科
消化内科,内科
中医综合,中医科
眼科,五官科
呼吸内科,内科
骨外科,外科
风湿免疫科,内科
中医综合,中医科
妇科,妇产科
呼吸内科,内科
血液科,内科
普外科,外科
肿瘤外科,肿瘤科
中医综合,中医科
内分泌科,内科
骨外科,外科
中医综合,中医科
神经外科,外科
呼吸内科,内科
中医综合,中医科
神经内科,内科
呼吸内科,内科
中医综合,中医科
消化内科,内科
普外科,外科
普外科,外科
心胸外科,外科
神经内科,内科
中医综合,中医科
内分泌科,内科
中医综合,中医科
肿瘤内科,肿瘤科
中医综合,中医科
血液科,内科
中医综合,中医科
性病科,皮肤性病科
眼科,五官科
肿瘤外科,肿瘤科
中医综合,中医科
血液科,内科
中医综合,中医科
肿瘤外科,肿瘤科
皮肤科,皮肤性病科
皮肤科,皮肤性病科
皮肤科,皮肤性病科
内分泌科,内科
肿瘤外科,肿瘤科
中医综合,中医科
消化内科,内科
儿科综合,儿科
中医综合,中医科
皮肤科,皮肤性病科
小儿内科,儿科
肿瘤外科,肿瘤科
中医综合,中医科
神经内科,内科
肾内科,内科
皮肤科,皮肤性病科
普外科,外科
皮肤科,皮肤性病科
心内科,内科
中医综合,中医科
神经外科,外科
中医综合,中医科
眼科,五官科
中医综合,中医科
中医综合,中医科
呼吸内科,内科
血液科,内科
肿瘤外科,肿瘤科
中医综合,中医科
皮肤科,皮肤性病科
神经内科,内科
中医综合,中医科
肿瘤外科,肿瘤科
小儿内科,儿科
中医综合,中医科
神经内科,内科
皮肤科,皮肤性病科
中医综合,中医科
内分泌科,内科
肿瘤外科,肿瘤科
风湿免疫科,内科
普外科,外科
中医综合,中医科
中医综合,中医科
神经内科,内科
呼吸内科,内科
血液科,内科
中医综合,中医科
神经外科,外科
中医综合,中医科
皮肤科,皮肤性病科
血液科,内科
中医综合,中医科
性病科,皮肤性病科
血液科,内科
骨外科,外科
妇科,妇产科
中医综合,中医科
骨外科,外科
普外科,外科
中医综合,中医科
性病科,皮肤性病科
肿瘤外科,肿瘤科
中医综合,中医科
眼科,五官科
肾内科,内科
中医综合,中医科
肿瘤外科,肿瘤科
血液科,内科
中医综合,中医科
血液科,内科
血液科,内科
中医综合,中医科
耳鼻喉科,五官科
小儿内科,儿科
中医综合,中医科
肿瘤内科,肿瘤科
中医综合,中医科
消化内科,内科
小儿内科,儿科
皮肤科,皮肤性病科
肝胆外科,外科
中医综合,中医科
消化内科,内科
小儿内科,儿科
中医综合,中医科
消化内科,内科
中医综合,中医科
消化内科,内科
心胸外科,外科
心内科,内科
皮肤科,皮肤性病科
骨外科,外科
中医综合,中医科
呼吸内科,内科
风湿免疫科,内科
泌尿外科,外科
中医综合,中医科
肿瘤外科,肿瘤科
肿瘤外科,肿瘤科
中医综合,中医科
泌尿外科,外科
风湿免疫科,内科
中医综合,中医科
泌尿外科,外科
眼科,五官科
中医综合,中医科
泌尿外科,外科
中医综合,中医科
泌尿外科,外科
泌尿外科,外科
皮肤科,皮肤性病科
泌尿外科,外科
心内科,内科
风湿免疫科,内科
血液科,内科
口腔科,五官科
呼吸内科,内科
血液科,内科
中医综合,中医科
皮肤科,皮肤性病科
皮肤科,皮肤性病科
中医综合,中医科
皮肤科,皮肤性病科
中医综合,中医科
肿瘤外科,肿瘤科
中医综合,中医科
眼科,五官科
神经内科,内科
中医综合,中医科
呼吸内科,内科
中医综合,中医科
呼吸内科,内科
中医综合,中医科
眼科,五官科
皮肤科,皮肤性病科
中医综合,中医科
神经外科,外科
中医综合,中医科
皮肤科,皮肤性病科
皮肤科,皮肤性病科
中医综合,中医科
消化内科,内科
中医综合,中医科
口腔科,五官科
肿瘤外科,肿瘤科
神经外科,外科
皮肤科,皮肤性病科
心胸外科,外科
中医综合,中医科
皮肤科,皮肤性病科
心内科,内科
呼吸内科,内科
中医综合,中医科
儿科综合,儿科
皮肤科,皮肤性病科
眼科,五官科
中医综合,中医科
血液科,内科
中医综合,中医科
风湿免疫科,内科
皮肤科,皮肤性病科
骨外科,外科
内分泌科,内科
呼吸内科,内科
中医综合,中医科
心内科,内科
中医综合,中医科
中医综合,中医科
中医综合,中医科
普外科,外科
泌尿外科,外科
普外科,外科
消化内科,内科
普外科,外科
骨外科,外科
皮肤科,皮肤性病科
内分泌科,内科
普外科,外科
眼科,五官科
皮肤科,皮肤性病科
中医综合,中医科
骨外科,外科
中医综合,中医科
骨外科,外科
心内科,内科
中医综合,中医科
神经外科,外科
中医综合,中医科
神经外科,外科
神经外科,外科
消化内科,内科
神经内科,内科
神经外科,外科
中医综合,中医科
肿瘤外科,肿瘤科
普外科,外科
神经内科,内科
皮肤科,皮肤性病科
血液科,内科
普外科,外科
神经外科,外科
儿科综合,儿科
神经内科,内科
中医综合,中医科
眼科,五官科
神经外科,外科
内分泌科,内科
泌尿外科,外科
泌尿外科,外科
皮肤科,皮肤性病科
神经外科,外科
内分泌科,内科
耳鼻喉科,五官科
中医综合,中医科
肾内科,内科
神经内科,内科
呼吸内科,内科
神经外科,外科
内分泌科,内科
小儿内科,儿科
内分泌科,内科
皮肤科,皮肤性病科
中医综合,中医科
风湿免疫科,内科
中医综合,中医科
风湿免疫科,内科
中医综合,中医科
风湿免疫科,内科
中医综合,中医科
风湿免疫科,内科
骨外科,外科
风湿免疫科,内科
眼科,五官科
风湿免疫科,内科
中医综合,中医科
肿瘤内科,肿瘤科
风湿免疫科,内科
中医综合,中医科
普外科,外科
风湿免疫科,内科
中医综合,中医科
内分泌科,内科
妇科,妇产科
中医综合,中医科
风湿免疫科,内科
神经内科,内科
眼科,五官科
中医综合,中医科
肾内科,内科
皮肤科,皮肤性病科
肛肠科,外科
中医综合,中医科
皮肤科,皮肤性病科
眼科,五官科
肿瘤外科,肿瘤科
骨外科,外科
中医综合,中医科
肿瘤外科,肿瘤科
肿瘤外科,肿瘤科
肿瘤外科,肿瘤科
中医综合,中医科
骨外科,外科
中医综合,中医科
血液科,内科
中医综合,中医科
骨外科,外科
中医综合,中医科
产科,妇产科
普外科,外科
骨外科,外科
风湿免疫科,内科
骨外科,外科
神经外科,外科
风湿免疫科,内科
神经外科,外科
风湿免疫科,内科
骨外科,外科
骨外科,外科
风湿免疫科,内科
康复科,其他科室
神经内科,内科
骨外科,外科
皮肤科,皮肤性病科
血液科,内科
骨外科,外科
皮肤科,皮肤性病科
中医综合,中医科
眼科,五官科
骨外科,外科
中医综合,中医科
肿瘤外科,肿瘤科
眼科,五官科
妇科,妇产科
泌尿外科,外科
骨外科,外科
中医综合,中医科
泌尿外科,外科
骨外科,外科
眼科,五官科
泌尿外科,外科
心胸外科,外科
骨外科,外科
心内科,内科
中医综合,中医科
皮肤科,皮肤性病科
心内科,内科
神经内科,内科
中医综合,中医科
皮肤科,皮肤性病科
普外科,外科
皮肤科,皮肤性病科
血液科,内科
中医综合,中医科
皮肤科,皮肤性病科
妇科,妇产科
眼科,五官科
皮肤科,皮肤性病科
口腔科,五官科
烧伤科,外科
呼吸内科,内科
中医综合,中医科
风湿免疫科,内科
中医综合,中医科
肾内科,内科
血液科,内科
眼科,五官科
中医综合,中医科
皮肤科,皮肤性病科
内分泌科,内科
中医综合,中医科
内分泌科,内科
妇科,妇产科
中医综合,中医科
皮肤科,皮肤性病科
内分泌科,内科
中医综合,中医科
心内科,内科
风湿免疫科,内科
神经内科,内科
肿瘤外科,肿瘤科
皮肤科,皮肤性病科
中医综合,中医科
肿瘤外科,肿瘤科
泌尿外科,外科
中医综合,中医科
肿瘤外科,肿瘤科
泌尿外科,外科
中医综合,中医科
肿瘤外科,肿瘤科
中医综合,中医科
泌尿外科,外科
皮肤科,皮肤性病科
中医综合,中医科
肿瘤外科,肿瘤科
中医综合,中医科
泌尿外科,外科
中医综合,中医科
普外科,外科
皮肤科,皮肤性病科
中医综合,中医科
呼吸内科,内科
泌尿外科,外科
中医综合,中医科
皮肤科,皮肤性病科
泌尿外科,外科
泌尿外科,外科
中医综合,中医科
肾内科,内科
皮肤科,皮肤性病科
中医综合,中医科
肾内科,内科
烧伤科,外科
中医综合,中医科
普外科,外科
消化内科,内科
中医综合,中医科
皮肤科,皮肤性病科
妇科,妇产科
中医综合,中医科
妇科,妇产科
皮肤科,皮肤性病科
中医综合,中医科
骨外科,外科
普外科,外科
中医综合,中医科
肿瘤外科,肿瘤科
普外科,外科
中医综合,中医科
皮肤科,皮肤性病科
中医综合,中医科
呼吸内科,内科
皮肤科,皮肤性病科
中医综合,中医科
中医综合,中医科
眼科,五官科
风湿免疫科,内科
血液科,内科
血液科,内科
皮肤科,皮肤性病科
中医综合,中医科
妇科,妇产科
皮肤科,皮肤性病科
中医综合,中医科
妇科,妇产科
皮肤科,皮肤性病科
口腔科,五官科
产科,妇产科
口腔科,五官科
皮肤科,皮肤性病科
皮肤科,皮肤性病科
产科,妇产科
口腔科,五官科
肿瘤外科,肿瘤科
产科,妇产科
中医综合,中医科
皮肤科,皮肤性病科
产科,妇产科
中医综合,中医科
皮肤科,皮肤性病科
中医综合,中医科
血液科,内科
神经内科,内科
肾内科,内科
皮肤科,皮肤性病科
中医综合,中医科
肿瘤外科,肿瘤科
妇科,妇产科
中医综合,中医科
血液科,内科
妇科,妇产科
中医综合,中医科
风湿免疫科,内科
中医综合,中医科
妇科,妇产科
肿瘤外科,肿瘤科
中医综合,中医科
产科,妇产科
中医综合,中医科
肿瘤外科,肿瘤科
皮肤科,皮肤性病科
中医综合,中医科
皮肤科,皮肤性病科
中医综合,中医科
中医综合,中医科
皮肤科,皮肤性病科
中医综合,中医科
皮肤科,皮肤性病科
呼吸内科,内科
中医综合,中医科
中医综合,中医科
肛肠科,外科
皮肤科,皮肤性病科
神经外科,外科
中医综合,中医科
皮肤科,皮肤性病科
肿瘤外科,肿瘤科
消化内科,内科
中医综合,中医科
肿瘤外科,肿瘤科
血液科,内科
皮肤科,皮肤性病科
皮肤科,皮肤性病科
皮肤科,皮肤性病科
中医综合,中医科
小儿内科,儿科
皮肤科,皮肤性病科
中医综合,中医科
妇科,妇产科
普外科,外科
皮肤科,皮肤性病科
皮肤科,皮肤性病科
中医综合,中医科
神经内科,内科
皮肤科,皮肤性病科
中医综合,中医科
中医综合,中医科
肿瘤内科,肿瘤科
血液科,内科
中医综合,中医科
皮肤科,皮肤性病科
眼科,五官科
中医综合,中医科
血液科,内科
血液科,内科
普外科,外科
皮肤科,皮肤性病科
皮肤科,皮肤性病科
呼吸内科,内科
消化内科,内科
肿瘤外科,肿瘤科
神经内科,内科
眼科,五官科
中医综合,中医科
肿瘤外科,肿瘤科
骨外科,外科
中医综合,中医科
眼科,五官科
中医综合,中医科
普外科,外科
中医综合,中医科
中医综合,中医科
皮肤科,皮肤性病科
中医综合,中医科
普外科,外科
中医综合,中医科
普外科,外科
中医综合,中医科
感染科,外科
眼科,五官科
中医综合,中医科
普外科,外科
消化内科,内科
中医综合,中医科
眼科,五官科
中医综合,中医科
呼吸内科,内科
中医综合,中医科
皮肤科,皮肤性病科
肿瘤外科,肿瘤科
眼科,五官科
眼科,五官科
中医综合,中医科
眼科,五官科
神经内科,内科
内分泌科,内科
神经外科,外科
中医综合,中医科
骨外科,外科
眼科,五官科
中医综合,中医科
肿瘤外科,肿瘤科
妇科,妇产科
中医综合,中医科
眼科,五官科
中医综合,中医科
泌尿外科,外科
眼科,五官科
骨外科,外科
心内科,内科
中医综合,中医科
肾内科,内科
中医综合,中医科
儿科综合,儿科
耳鼻喉科,五官科
中医综合,中医科
肾内科,内科
皮肤科,皮肤性病科
中医综合,中医科
皮肤科,皮肤性病科
呼吸内科,内科
中医综合,中医科
神经内科,内科
消化内科,内科
皮肤科,皮肤性病科
骨外科,外科
骨外科,外科
中医综合,中医科
眼科,五官科
口腔科,五官科
消化内科,内科
神经内科,内科
普外科,外科
泌尿外科,外科
肾内科,内科
心胸外科,外科
普外科,外科
中医综合,中医科
普外科,外科
中医综合,中医科
骨外科,外科
心内科,内科
皮肤科,皮肤性病科
皮肤科,皮肤性病科
呼吸内科,内科
中医综合,中医科
心胸外科,外科
心胸外科,外科
中医综合,中医科
泌尿外科,外科
呼吸内科,内科
中医综合,中医科
普外科,外科
耳鼻喉科,五官科
中医综合,中医科
泌尿外科,外科
中医综合,中医科
口腔科,五官科
普外科,外科
中医综合,中医科
心胸外科,外科
中医综合,中医科
风湿免疫科,内科
中医综合,中医科
神经内科,内科
骨外科,外科
皮肤科,皮肤性病科
皮肤科,皮肤性病科
普外科,外科
骨外科,外科
骨外科,外科
骨外科,外科
口腔科,五官科
中医综合,中医科
血液科,内科
中医综合,中医科
妇科,妇产科
口腔科,五官科
中医综合,中医科
口腔科,五官科
中医综合,中医科
口腔科,五官科
泌尿外科,外科
中医综合,中医科
皮肤科,皮肤性病科
肿瘤外科,肿瘤科
中医综合,中医科
肿瘤外科,肿瘤科
骨外科,外科
中医综合,中医科
妇科,妇产科
皮肤科,皮肤性病科
妇科,妇产科
中医综合,中医科
肾内科,内科
骨外科,外科
中医综合,中医科
皮肤科,皮肤性病科
中医综合,中医科
骨外科,外科
中医综合,中医科
皮肤科,皮肤性病科
皮肤科,皮肤性病科
中医综合,中医科
皮肤科,皮肤性病科
皮肤科,皮肤性病科
中医综合,中医科
皮肤科,皮肤性病科
中医综合,中医科
神经内科,内科
普外科,外科
皮肤科,皮肤性病科
神经内科,内科
风湿免疫科,内科
中医综合,中医科
肿瘤外科,肿瘤科
血液科,内科
中医综合,中医科
中医综合,中医科
血液科,内科
中医综合,中医科
内分泌科,内科
皮肤科,皮肤性病科
妇科,妇产科
中医综合,中医科
皮肤科,皮肤性病科
妇科,妇产科
中医综合,中医科
消化内科,内科
中医综合,中医科
中医综合,中医科
眼科,五官科
内分泌科,内科
中医综合,中医科
神经内科,内科
心内科,内科
中医综合,中医科
风湿免疫科,内科
骨外科,外科
中医综合,中医科
骨外科,外科
妇科,妇产科
中医综合,中医科
妇科,妇产科
妇科,妇产科
妇科,妇产科
中医综合,中医科
呼吸内科,内科
肿瘤外科,肿瘤科
中医综合,中医科
皮肤科,皮肤性病科
中医综合,中医科
肾内科,内科
中医综合,中医科
中医综合,中医科
普外科,外科
皮肤科,皮肤性病科
中医综合,中医科
皮肤科,皮肤性病科
肿瘤外科,肿瘤科
中医综合,中医科
肿瘤外科,肿瘤科
中医综合,中医科
呼吸内科,内科
眼科,五官科
中医综合,中医科
中医综合,中医科
皮肤科,皮肤性病科
内分泌科,内科
中医综合,中医科
心内科,内科
骨外科,外科
中医综合,中医科
眼科,五官科
骨外科,外科
中医综合,中医科
血液科,内科
心内科,内科
中医综合,中医科
呼吸内科,内科
中医综合,中医科
遗传病科,内科
骨外科,外科
中医综合,中医科
中医综合,中医科
骨外科,外科
中医综合,中医科
皮肤科,皮肤性病科
骨外科,外科
小儿内科,儿科
骨外科,外科
中医综合,中医科
骨外科,外科
眼科,五官科
中医综合,中医科
皮肤科,皮肤性病科
皮肤科,皮肤性病科
中医综合,中医科
消化内科,内科
中医综合,中医科
肿瘤外科,肿瘤科
中医综合,中医科
产科,妇产科
中医综合,中医科
眼科,五官科
呼吸内科,内科
中医综合,中医科
风湿免疫科,内科
皮肤科,皮肤性病科
中医综合,中医科
皮肤科,皮肤性病科
皮肤科,皮肤性病科
中医综合,中医科
皮肤科,皮肤性病科
心胸外科,外科
中医综合,中医科
内分泌科,内科
中医综合,中医科
皮肤科,皮肤性病科
心内科,内科
呼吸内科,内科
皮肤科,皮肤性病科
中医综合,中医科
产科,妇产科
皮肤科,皮肤性病科
中医综合,中医科
血液科,内科
眼科,五官科
中医综合,中医科
皮肤科,皮肤性病科
产科,妇产科
中医综合,中医科
呼吸内科,内科
产科,妇产科
中医综合,中医科
妇科,妇产科
产科,妇产科
中医综合,中医科
产科,妇产科
神经外科,外科
血液科,内科
中医综合,中医科
中医综合,中医科
产科,妇产科
内分泌科,内科
皮肤科,皮肤性病科
产科,妇产科
神经内科,内科
中医综合,中医科
产科,妇产科
肿瘤外科,肿瘤科
中医综合,中医科
产科,妇产科
眼科,五官科
产科,妇产科
中医综合,中医科
眼科,五官科
中医综合,中医科
产科,妇产科
中医综合,中医科
消化内科,内科
眼科,五官科
产科,妇产科
性病科,皮肤性病科
中医综合,中医科
产科,妇产科
神经内科,内科
产科,妇产科
中医综合,中医科
小儿内科,儿科
产科,妇产科
中医综合,中医科
心内科,内科
产科,妇产科
妇科,妇产科
妇科,妇产科
妇科,妇产科
产科,妇产科
中医综合,中医科
产科,妇产科
妇科,妇产科
中医综合,中医科
产科,妇产科
中医综合,中医科
产科,妇产科
中医综合,中医科
泌尿外科,外科
骨外科,外科
中医综合,中医科
产科,妇产科
普外科,外科
耳鼻喉科,五官科
产科,妇产科
中医综合,中医科
心胸外科,外科
产科,妇产科
中医综合,中医科
骨外科,外科
产科,妇产科
产科,妇产科
血液科,内科
中医综合,中医科
产科,妇产科
中医综合,中医科
产科,妇产科
中医综合,中医科
中医综合,中医科
产科,妇产科
中医综合,中医科
产科,妇产科
中医综合,中医科
产科,妇产科
中医综合,中医科
产科,妇产科
中医综合,中医科
中医综合,中医科
产科,妇产科
儿科综合,儿科
中医综合,中医科
产科,妇产科
心内科,内科
中医综合,中医科
产科,妇产科
中医综合,中医科
产科,妇产科
小儿内科,儿科
产科,妇产科
儿科综合,儿科
产科,妇产科
心胸外科,外科
产科,妇产科
血液科,内科
心内科,内科
肿瘤内科,肿瘤科
心内科,内科
中医综合,中医科
神经外科,外科
普外科,外科
皮肤科,皮肤性病科
中医综合,中医科
普外科,外科
呼吸内科,内科
中医综合,中医科
中医综合,中医科
产科,妇产科
普外科,外科
中医综合,中医科
产科,妇产科
产科,妇产科
皮肤科,皮肤性病科
产科,妇产科
中医综合,中医科
骨外科,外科
产科,妇产科
中医综合,中医科
骨外科,外科
中医综合,中医科
产科,妇产科
血液科,内科
肿瘤内科,肿瘤科
产科,妇产科
血液科,内科
中医综合,中医科
产科,妇产科
心内科,内科
中医综合,中医科
产科,妇产科
肿瘤外科,肿瘤科
产科,妇产科
呼吸内科,内科
内分泌科,内科
骨外科,外科
中医综合,中医科
产科,妇产科
皮肤科,皮肤性病科
中医综合,中医科
产科,妇产科
消化内科,内科
神经内科,内科
呼吸内科,内科
消化内科,内科
神经内科,内科
心内科,内科
骨外科,外科
产科,妇产科
骨外科,外科
中医综合,中医科
普外科,外科
中医综合,中医科
皮肤科,皮肤性病科
眼科,五官科
皮肤科,皮肤性病科
中医综合,中医科
神经内科,内科
中医综合,中医科
心内科,内科
肿瘤外科,肿瘤科
中医综合,中医科
皮肤科,皮肤性病科
中医综合,中医科
泌尿外科,外科
中医综合,中医科
血液科,内科
中医综合,中医科
心内科,内科
皮肤科,皮肤性病科
骨外科,外科
中医综合,中医科
中医综合,中医科
肿瘤外科,肿瘤科
中医综合,中医科
呼吸内科,内科
中医综合,中医科
中医综合,中医科
普外科,外科
普外科,外科
中医综合,中医科
眼科,五官科
普外科,外科
中医综合,中医科
普外科,外科
皮肤科,皮肤性病科
中医综合,中医科
心内科,内科
消化内科,内科
中医综合,中医科
普外科,外科
中医综合,中医科
眼科,五官科
肿瘤外科,肿瘤科
消化内科,内科
泌尿外科,外科
中医综合,中医科
普外科,外科
消化内科,内科
中医综合,中医科
心胸外科,外科
消化内科,内科
中医综合,中医科
肿瘤内科,肿瘤科
皮肤科,皮肤性病科
中医综合,中医科
普外科,外科
消化内科,内科
中医综合,中医科
中医综合,中医科
消化内科,内科
中医综合,中医科
消化内科,内科
肿瘤外科,肿瘤科
中医综合,中医科
普外科,外科
肿瘤内科,肿瘤科
中医综合,中医科
肿瘤外科,肿瘤科
消化内科,内科
中医综合,中医科
消化内科,内科
肿瘤外科,肿瘤科
血液科,内科
肿瘤外科,肿瘤科
普外科,外科
中医综合,中医科
骨外科,外科
肿瘤外科,肿瘤科
中医综合,中医科
普外科,外科
中医综合,中医科
消化内科,内科
肿瘤外科,肿瘤科
中医综合,中医科
呼吸内科,内科
中医综合,中医科
普外科,外科
泌尿外科,外科
肿瘤外科,肿瘤科
骨外科,外科
儿科综合,儿科
肿瘤外科,肿瘤科
中医综合,中医科
中医综合,中医科
骨外科,外科
消化内科,内科
呼吸内科,内科
中医综合,中医科
消化内科,内科
小儿外科,儿科
血液科,内科
神经内科,内科
皮肤科,皮肤性病科
血液科,内科
内分泌科,内科
肿瘤外科,肿瘤科
心内科,内科
心内科,内科
中医综合,中医科
眼科,五官科
骨外科,外科
皮肤科,皮肤性病科
中医综合,中医科
皮肤科,皮肤性病科
骨外科,外科
中医综合,中医科
眼科,五官科
心内科,内科
中医综合,中医科
中医综合,中医科
皮肤科,皮肤性病科
皮肤科,皮肤性病科
儿科综合,儿科
呼吸内科,内科
消化内科,内科
中医综合,中医科
中医综合,中医科
普外科,外科
风湿免疫科,内科
中医综合,中医科
内分泌科,内科
皮肤科,皮肤性病科
血液科,内科
骨外科,外科
小儿内科,儿科
眼科,五官科
肾内科,内科
呼吸内科,内科
神经内科,内科
内分泌科,内科
中医综合,中医科
小儿内科,儿科
中医综合,中医科
心内科,内科
中医综合,中医科
中医综合,中医科
皮肤科,皮肤性病科
肿瘤内科,肿瘤科
中医综合,中医科
骨外科,外科
心胸外科,外科
中医综合,中医科
神经外科,外科
肿瘤内科,肿瘤科
皮肤科,皮肤性病科
神经外科,外科
中医综合,中医科
肿瘤内科,肿瘤科
神经外科,外科
肿瘤外科,肿瘤科
中医综合,中医科
心胸外科,外科
中医综合,中医科
神经外科,外科
儿科综合,儿科
血液科,内科
儿科综合,儿科
神经内科,内科
泌尿外科,外科
儿科综合,儿科
神经内科,内科
肝胆外科,外科
儿科综合,儿科
普外科,外科
心内科,内科
肾内科,内科
肝胆外科,外科
中医综合,中医科
泌尿外科,外科
肿瘤外科,肿瘤科
儿科综合,儿科
普外科,外科
内分泌科,内科
中医综合,中医科
泌尿外科,外科
泌尿外科,外科
中医综合,中医科
肾内科,内科
泌尿外科,外科
中医综合,中医科
泌尿外科,外科
中医综合,中医科
肿瘤内科,肿瘤科
中医综合,中医科
中医综合,中医科
心内科,内科
中医综合,中医科
心内科,内科
中医综合,中医科
肿瘤外科,肿瘤科
肾内科,内科
肾内科,内科
中医综合,中医科
肛肠科,外科
肾内科,内科
神经内科,内科
肾内科,内科
普外科,外科
肾内科,内科
肿瘤外科,肿瘤科
内分泌科,内科
泌尿外科,外科
肾内科,内科
肾内科,内科
妇科,妇产科
皮肤科,皮肤性病科
中医综合,中医科
眼科,五官科
皮肤科,皮肤性病科
血液科,内科
内分泌科,内科
中医综合,中医科
泌尿外科,外科
皮肤科,皮肤性病科
肿瘤外科,肿瘤科
肿瘤外科,肿瘤科
中医综合,中医科
普外科,外科
肿瘤外科,肿瘤科
中医综合,中医科
妇科,妇产科
肿瘤外科,肿瘤科
中医综合,中医科
妇科,妇产科
中医综合,中医科
内分泌科,内科
中医综合,中医科
小儿内科,儿科
中医综合,中医科
消化内科,内科
中医综合,中医科
骨外科,外科
小儿内科,儿科
中医综合,中医科
儿科综合,儿科
中医综合,中医科
儿科综合,儿科
中医综合,中医科
皮肤科,皮肤性病科
中医综合,中医科
小儿外科,儿科
中医综合,中医科
中医综合,中医科
肿瘤外科,肿瘤科
中医综合,中医科
神经内科,内科
血液科,内科
皮肤科,皮肤性病科
眼科,五官科
中医综合,中医科
消化内科,内科
神经内科,内科
消化内科,内科
中医综合,中医科
皮肤科,皮肤性病科
肿瘤内科,肿瘤科
中医综合,中医科
皮肤科,皮肤性病科
中医综合,中医科
肿瘤内科,肿瘤科
皮肤科,皮肤性病科
普外科,外科
中医综合,中医科
中医综合,中医科
普外科,外科
中医综合,中医科
肿瘤内科,肿瘤科
中医综合,中医科
消化内科,内科
血液科,内科
妇科,妇产科
肿瘤内科,肿瘤科
神经内科,内科
中医综合,中医科
口腔科,五官科
皮肤科,皮肤性病科
中医综合,中医科
中医综合,中医科
皮肤科,皮肤性病科
肿瘤内科,肿瘤科
中医综合,中医科
肿瘤内科,肿瘤科
皮肤科,皮肤性病科
消化内科,内科
肿瘤内科,肿瘤科
消化内科,内科
消化内科,内科
中医综合,中医科
消化内科,内科
中医综合,中医科
消化内科,内科
中医综合,中医科
消化内科,内科
中医综合,中医科
消化内科,内科
中医综合,中医科
消化内科,内科
中医综合,中医科
消化内科,内科
肿瘤外科,肿瘤科
普外科,外科
消化内科,内科
消化内科,内科
心胸外科,外科
中医综合,中医科
心胸外科,外科
中医综合,中医科
肿瘤内科,肿瘤科
中医综合,中医科
消化内科,内科
中医综合,中医科
普外科,外科
中医综合,中医科
消化内科,内科
中医综合,中医科
骨外科,外科
骨外科,外科
消化内科,内科
中医综合,中医科
普外科,外科
中医综合,中医科
普外科,外科
中医综合,中医科
中医综合,中医科
眼科,五官科
皮肤科,皮肤性病科
神经外科,外科
中医综合,中医科
肿瘤外科,肿瘤科
中医综合,中医科
眼科,五官科
中医综合,中医科
眼科,五官科
中医综合,中医科
眼科,五官科
中医综合,中医科
心内科,内科
中医综合,中医科
中医综合,中医科
心内科,内科
中医综合,中医科
心内科,内科
中医综合,中医科
心内科,内科
中医综合,中医科
中医综合,中医科
中医综合,中医科
血液科,内科
中医综合,中医科
呼吸内科,内科
普外科,外科
中医综合,中医科
皮肤科,皮肤性病科
中医综合,中医科
眼科,五官科
中医综合,中医科
消化内科,内科
中医综合,中医科
泌尿外科,外科
风湿免疫科,内科
儿科综合,儿科
皮肤科,皮肤性病科
骨外科,外科
中医综合,中医科
骨外科,外科
中医综合,中医科
骨外科,外科
中医综合,中医科
中医综合,中医科
皮肤科,皮肤性病科
中医综合,中医科
消化内科,内科
中医综合,中医科
普外科,外科
中医综合,中医科
中医综合,中医科
心内科,内科
中医综合,中医科
骨外科,外科
骨外科,外科
心内科,内科
中医综合,中医科
妇科,妇产科
妇科,妇产科
中医综合,中医科
泌尿外科,外科
中医综合,中医科
泌尿外科,外科
中医综合,中医科
泌尿外科,外科
中医综合,中医科
泌尿外科,外科
中医综合,中医科
皮肤科,皮肤性病科
中医综合,中医科
皮肤科,皮肤性病科
中医综合,中医科
中医综合,中医科
心内科,内科
中医综合,中医科
泌尿外科,外科
心内科,内科
心内科,内科
中医综合,中医科
消化内科,内科
心内科,内科
中医综合,中医科
眼科,五官科
中医综合,中医科
泌尿外科,外科
中医综合,中医科
中医综合,中医科
呼吸内科,内科
中医综合,中医科
眼科,五官科
皮肤科,皮肤性病科
中医综合,中医科
皮肤科,皮肤性病科
神经内科,内科
神经内科,内科
呼吸内科,内科
中医综合,中医科
神经内科,内科
中医综合,中医科
眼科,五官科
中医综合,中医科
中医综合,中医科
皮肤科,皮肤性病科
中医综合,中医科
骨外科,外科
中医综合,中医科
皮肤科,皮肤性病科
产科,妇产科
中医综合,中医科
中医综合,中医科
血液科,内科
中医综合,中医科
中医综合,中医科
中医综合,中医科
中医综合,中医科
血液科,内科
中医综合,中医科
神经外科,外科
中医综合,中医科
骨外科,外科
神经内科,内科
肿瘤外科,肿瘤科
普外科,外科
眼科,五官科
眼科,五官科
眼科,五官科
眼科,五官科
风湿免疫科,内科
产科,妇产科
血液科,内科
产科,妇产科
神经内科,内科
儿科综合,儿科
耳鼻喉科,五官科
儿科综合,儿科
消化内科,内科
耳鼻喉科,五官科
皮肤科,皮肤性病科
消化内科,内科
消化内科,内科
产科,妇产科
皮肤科,皮肤性病科
消化内科,内科
消化内科,内科
消化内科,内科
皮肤科,皮肤性病科
消化内科,内科
消化内科,内科
内分泌科,内科
骨外科,外科
眼科,五官科
内分泌科,内科
消化内科,内科
内分泌科,内科
肾内科,内科
内分泌科,内科
骨外科,外科
内分泌科,内科
消化内科,内科
肾内科,内科
神经内科,内科
内分泌科,内科
妇科,妇产科
骨外科,外科
内分泌科,内科
骨外科,外科
内分泌科,内科
骨外科,外科
血液科,内科
普外科,外科
心内科,内科
内分泌科,内科
呼吸内科,内科
消化内科,内科
妇科,妇产科
骨外科,外科
消化内科,内科
